date,store_id,department,sales,returns,shrinkage,inventory,promo,staff_on_duty
2025-01-01,Store_001,Clothing,20795,1591,486,21284,0,8
2025-01-01,Store_001,Electronics,9426,397,100,26023,0,4
2025-01-01,Store_001,Accessories,5769,349,89,12433,1,13
2025-01-01,Store_001,Footwear,24769,1157,637,37480,0,2
2025-01-01,Store_002,Clothing,23942,473,514,12747,0,4
2025-01-01,Store_002,Electronics,6267,322,176,21394,0,6
2025-01-01,Store_002,Accessories,19502,213,524,18792,0,13
2025-01-01,Store_002,Footwear,15233,477,465,12612,0,3
2025-01-01,Store_003,Clothing,20787,928,369,24541,1,2
2025-01-01,Store_003,Electronics,8943,562,145,11021,0,7
2025-01-01,Store_003,Accessories,12989,158,495,16873,0,13
2025-01-01,Store_003,Footwear,5995,310,162,21534,0,9
2025-01-02,Store_001,Clothing,6016,464,109,34276,0,14
2025-01-02,Store_001,Electronics,14268,728,374,31243,0,13
2025-01-02,Store_001,Accessories,12208,375,266,12568,0,9
2025-01-02,Store_001,Footwear,7695,79,240,15258,0,4
2025-01-02,Store_002,Clothing,18986,1240,717,22666,1,6
2025-01-02,Store_002,Electronics,11184,828,262,18392,0,9
2025-01-02,Store_002,Accessories,24488,353,734,45222,1,9
2025-01-02,Store_002,Footwear,24115,1317,582,34538,1,4
2025-01-02,Store_003,Clothing,19948,1556,631,37266,0,2
2025-01-02,Store_003,Electronics,5502,351,141,35446,0,12
2025-01-02,Store_003,Accessories,22868,551,399,32403,1,6
2025-01-02,Store_003,Footwear,6678,419,82,43827,1,14
2025-01-03,Store_001,Clothing,14914,874,428,32299,1,3
2025-01-03,Store_001,Electronics,14789,803,504,12693,0,13
2025-01-03,Store_001,Accessories,8627,337,117,31834,0,11
2025-01-03,Store_001,Footwear,16494,1211,485,40080,1,10
2025-01-03,Store_002,Clothing,11776,792,175,19474,0,8
2025-01-03,Store_002,Electronics,10530,412,143,13748,0,2
2025-01-03,Store_002,Accessories,5663,430,176,38021,1,9
2025-01-03,Store_002,Footwear,23237,1813,579,27675,0,8
2025-01-03,Store_003,Clothing,6636,198,187,37728,1,12
2025-01-03,Store_003,Electronics,9737,377,198,10854,1,6
2025-01-03,Store_003,Accessories,18949,381,327,48559,1,7
2025-01-03,Store_003,Footwear,9931,155,208,22688,0,7
2025-01-04,Store_001,Clothing,24315,1916,838,33509,1,12
2025-01-04,Store_001,Electronics,14339,653,397,25708,0,4
2025-01-04,Store_001,Accessories,19243,214,393,44754,1,4
2025-01-04,Store_001,Footwear,6734,149,145,29360,0,9
2025-01-04,Store_002,Clothing,7385,506,236,11802,1,13
2025-01-04,Store_002,Electronics,19257,1439,341,30445,1,11
2025-01-04,Store_002,Accessories,19075,424,486,35199,0,10
2025-01-04,Store_002,Footwear,18168,489,485,48191,0,13
2025-01-04,Store_003,Clothing,12158,410,433,25151,0,4
2025-01-04,Store_003,Electronics,17183,1195,635,42711,0,5
2025-01-04,Store_003,Accessories,20586,742,807,48360,1,4
2025-01-04,Store_003,Footwear,7961,169,186,21969,0,7
2025-01-05,Store_001,Clothing,22340,574,382,34736,0,5
2025-01-05,Store_001,Electronics,8987,320,172,43986,0,2
2025-01-05,Store_001,Accessories,9555,435,165,29830,1,7
2025-01-05,Store_001,Footwear,19373,1521,720,18754,1,7
2025-01-05,Store_002,Clothing,21609,745,649,42352,1,13
2025-01-05,Store_002,Electronics,10600,250,287,19007,1,4
2025-01-05,Store_002,Accessories,16312,212,299,28589,0,14
2025-01-05,Store_002,Footwear,15757,565,313,43828,1,9
2025-01-05,Store_003,Clothing,5301,411,64,10699,1,2
2025-01-05,Store_003,Electronics,15492,572,302,16102,0,2
2025-01-05,Store_003,Accessories,6816,256,258,33093,1,11
2025-01-05,Store_003,Footwear,24117,405,500,17455,0,7
2025-01-06,Store_001,Clothing,21538,660,665,10784,0,9
2025-01-06,Store_001,Electronics,17533,616,396,15801,0,8
2025-01-06,Store_001,Accessories,23225,1641,588,18716,0,13
2025-01-06,Store_001,Footwear,17323,1141,538,12368,1,9
2025-01-06,Store_002,Clothing,9495,128,102,32386,1,8
2025-01-06,Store_002,Electronics,18121,737,434,43621,1,4
2025-01-06,Store_002,Accessories,21958,1728,786,32677,0,11
2025-01-06,Store_002,Footwear,14907,189,205,39749,1,12
2025-01-06,Store_003,Clothing,20328,1381,583,13051,0,13
2025-01-06,Store_003,Electronics,5876,138,171,42093,0,4
2025-01-06,Store_003,Accessories,12987,250,408,47233,0,13
2025-01-06,Store_003,Footwear,13311,385,164,38251,1,11
2025-01-07,Store_001,Clothing,13308,208,407,11150,1,10
2025-01-07,Store_001,Electronics,23048,510,396,26896,1,3
2025-01-07,Store_001,Accessories,10237,614,328,13343,0,14
2025-01-07,Store_001,Footwear,14662,593,395,18130,0,13
2025-01-07,Store_002,Clothing,8506,536,114,29128,1,14
2025-01-07,Store_002,Electronics,16310,209,248,40445,0,5
2025-01-07,Store_002,Accessories,16151,272,390,45247,1,6
2025-01-07,Store_002,Footwear,9452,358,274,33049,1,7
2025-01-07,Store_003,Clothing,7849,221,196,33289,1,4
2025-01-07,Store_003,Electronics,14207,797,544,14611,0,9
2025-01-07,Store_003,Accessories,21347,1088,647,10851,1,9
2025-01-07,Store_003,Footwear,16938,932,446,14000,0,14
2025-01-08,Store_001,Clothing,10387,384,385,48304,0,9
2025-01-08,Store_001,Electronics,15636,391,174,13373,1,3
2025-01-08,Store_001,Accessories,7082,237,152,38761,1,9
2025-01-08,Store_001,Footwear,20305,236,374,10417,1,4
2025-01-08,Store_002,Clothing,8267,483,314,48513,1,14
2025-01-08,Store_002,Electronics,12543,770,331,33548,0,10
2025-01-08,Store_002,Accessories,10988,687,232,27506,0,5
2025-01-08,Store_002,Footwear,7143,241,122,17357,1,6
2025-01-08,Store_003,Clothing,10644,657,227,12914,0,10
2025-01-08,Store_003,Electronics,17144,777,324,10728,0,7
2025-01-08,Store_003,Accessories,12186,453,452,26779,0,14
2025-01-08,Store_003,Footwear,9171,319,249,27101,0,5
2025-01-09,Store_001,Clothing,10486,165,279,47259,0,10
2025-01-09,Store_001,Electronics,12651,964,169,11167,1,10
2025-01-09,Store_001,Accessories,16174,1289,519,47497,0,6
2025-01-09,Store_001,Footwear,13924,481,426,16801,1,13
2025-01-09,Store_002,Clothing,22337,1190,279,21516,1,7
2025-01-09,Store_002,Electronics,18964,485,591,37569,1,12
2025-01-09,Store_002,Accessories,22924,1052,486,36962,1,9
2025-01-09,Store_002,Footwear,22749,1521,741,47080,0,14
2025-01-09,Store_003,Clothing,8141,484,173,44578,0,14
2025-01-09,Store_003,Electronics,20485,911,492,14748,1,3
2025-01-09,Store_003,Accessories,18116,1224,310,49298,1,14
2025-01-09,Store_003,Footwear,5504,199,198,38016,0,10
2025-01-10,Store_001,Clothing,10029,406,394,12105,1,13
2025-01-10,Store_001,Electronics,6852,223,258,30559,1,7
2025-01-10,Store_001,Accessories,16003,242,625,35826,0,4
2025-01-10,Store_001,Footwear,20761,449,598,48413,1,2
2025-01-10,Store_002,Clothing,13053,481,240,34504,0,12
2025-01-10,Store_002,Electronics,15975,224,210,34933,1,13
2025-01-10,Store_002,Accessories,14337,332,242,46487,0,11
2025-01-10,Store_002,Footwear,5539,85,171,14835,0,12
2025-01-10,Store_003,Clothing,12312,364,172,45547,1,14
2025-01-10,Store_003,Electronics,24708,1873,557,14804,0,10
2025-01-10,Store_003,Accessories,24255,1730,261,39548,0,6
2025-01-10,Store_003,Footwear,7193,569,281,33833,1,10
2025-01-11,Store_001,Clothing,11938,594,132,30384,0,3
2025-01-11,Store_001,Electronics,13702,399,471,39189,0,13
2025-01-11,Store_001,Accessories,14860,1185,472,33574,1,6
2025-01-11,Store_001,Footwear,9809,681,230,23456,1,6
2025-01-11,Store_002,Clothing,10997,303,185,27100,0,5
2025-01-11,Store_002,Electronics,9976,628,180,36657,0,13
2025-01-11,Store_002,Accessories,19489,874,693,38538,1,3
2025-01-11,Store_002,Footwear,22461,1746,496,34285,1,12
2025-01-11,Store_003,Clothing,24198,290,706,11252,0,6
2025-01-11,Store_003,Electronics,20781,1105,586,49649,0,7
2025-01-11,Store_003,Accessories,13017,487,483,33386,0,4
2025-01-11,Store_003,Footwear,22715,1097,430,41703,0,13
2025-01-12,Store_001,Clothing,24561,1728,584,47660,0,5
2025-01-12,Store_001,Electronics,24856,1104,590,29963,1,5
2025-01-12,Store_001,Accessories,12941,575,354,14300,0,12
2025-01-12,Store_001,Footwear,17234,263,238,27144,0,8
2025-01-12,Store_002,Clothing,11238,427,173,32415,0,9
2025-01-12,Store_002,Electronics,14911,578,379,28271,1,4
2025-01-12,Store_002,Accessories,22055,486,764,21314,0,4
2025-01-12,Store_002,Footwear,17891,614,473,33061,1,6
2025-01-12,Store_003,Clothing,11376,397,157,37693,1,3
2025-01-12,Store_003,Electronics,19124,621,467,33321,0,10
2025-01-12,Store_003,Accessories,15453,242,155,29262,0,14
2025-01-12,Store_003,Footwear,18568,295,735,24178,1,14
2025-01-13,Store_001,Clothing,5302,190,173,18717,1,11
2025-01-13,Store_001,Electronics,7125,301,79,26748,1,11
2025-01-13,Store_001,Accessories,18623,359,472,15122,1,8
2025-01-13,Store_001,Footwear,10870,131,238,33333,1,4
2025-01-13,Store_002,Clothing,18503,533,498,20267,0,11
2025-01-13,Store_002,Electronics,22680,562,460,14632,0,2
2025-01-13,Store_002,Accessories,11168,642,278,18258,0,10
2025-01-13,Store_002,Footwear,11371,541,313,24369,0,9
2025-01-13,Store_003,Clothing,11738,428,331,29123,1,11
2025-01-13,Store_003,Electronics,15167,680,259,13812,0,10
2025-01-13,Store_003,Accessories,23117,822,821,16767,0,5
2025-01-13,Store_003,Footwear,24901,745,918,23918,0,9
2025-01-14,Store_001,Clothing,18046,245,557,45358,0,9
2025-01-14,Store_001,Electronics,14111,251,507,24043,0,12
2025-01-14,Store_001,Accessories,13837,1082,415,28935,0,7
2025-01-14,Store_001,Footwear,10560,636,256,20954,0,9
2025-01-14,Store_002,Clothing,11469,891,289,36386,0,5
2025-01-14,Store_002,Electronics,9208,433,304,12048,0,11
2025-01-14,Store_002,Accessories,14765,748,289,30618,1,5
2025-01-14,Store_002,Footwear,19594,267,233,10009,0,6
2025-01-14,Store_003,Clothing,7219,174,91,15287,0,3
2025-01-14,Store_003,Electronics,6342,365,176,29216,1,10
2025-01-14,Store_003,Accessories,19231,1008,683,46258,1,2
2025-01-14,Store_003,Footwear,17219,1335,684,11908,0,9
2025-01-15,Store_001,Clothing,24019,877,274,15415,0,7
2025-01-15,Store_001,Electronics,13007,883,194,40523,1,4
2025-01-15,Store_001,Accessories,24282,1373,881,30611,0,10
2025-01-15,Store_001,Footwear,23520,1359,501,19510,1,9
2025-01-15,Store_002,Clothing,16954,910,392,15984,1,8
2025-01-15,Store_002,Electronics,14184,372,368,44016,0,8
2025-01-15,Store_002,Accessories,8687,226,199,21302,0,4
2025-01-15,Store_002,Footwear,22586,755,763,31951,0,5
2025-01-15,Store_003,Clothing,10788,482,293,35053,1,8
2025-01-15,Store_003,Electronics,23588,486,411,11120,1,14
2025-01-15,Store_003,Accessories,22334,447,701,12243,1,7
2025-01-15,Store_003,Footwear,9612,686,227,33710,1,5
2025-01-16,Store_001,Clothing,12863,580,316,30103,1,6
2025-01-16,Store_001,Electronics,23755,1438,694,30609,0,12
2025-01-16,Store_001,Accessories,11898,589,332,43561,0,12
2025-01-16,Store_001,Footwear,10779,244,296,24153,0,9
2025-01-16,Store_002,Clothing,17999,713,262,20541,1,12
2025-01-16,Store_002,Electronics,15380,303,162,27368,1,2
2025-01-16,Store_002,Accessories,5827,300,218,49915,0,5
2025-01-16,Store_002,Footwear,10959,609,232,37632,0,13
2025-01-16,Store_003,Clothing,12196,210,455,13368,0,7
2025-01-16,Store_003,Electronics,6792,121,238,46244,0,11
2025-01-16,Store_003,Accessories,24414,1817,624,44622,1,7
2025-01-16,Store_003,Footwear,7708,281,124,19524,0,10
2025-01-17,Store_001,Clothing,11456,118,251,23224,1,4
2025-01-17,Store_001,Electronics,21920,1544,525,17973,0,3
2025-01-17,Store_001,Accessories,13666,842,150,46368,1,12
2025-01-17,Store_001,Footwear,18490,506,417,11990,1,5
2025-01-17,Store_002,Clothing,18472,653,535,38734,0,12
2025-01-17,Store_002,Electronics,15395,383,604,37696,0,8
2025-01-17,Store_002,Accessories,24816,506,646,34917,1,13
2025-01-17,Store_002,Footwear,14984,474,244,36838,0,4
2025-01-17,Store_003,Clothing,7079,302,151,37952,0,14
2025-01-17,Store_003,Electronics,12311,609,409,28449,0,2
2025-01-17,Store_003,Accessories,20534,963,501,16645,0,13
2025-01-17,Store_003,Footwear,16485,810,537,22342,0,8
2025-01-18,Store_001,Clothing,9873,285,219,20093,0,3
2025-01-18,Store_001,Electronics,19422,1525,699,36399,1,3
2025-01-18,Store_001,Accessories,16271,193,275,20998,1,4
2025-01-18,Store_001,Footwear,15682,711,316,18519,1,7
2025-01-18,Store_002,Clothing,8300,186,142,34160,0,13
2025-01-18,Store_002,Electronics,12970,350,443,41821,1,9
2025-01-18,Store_002,Accessories,17175,649,633,31389,0,8
2025-01-18,Store_002,Footwear,11150,605,395,26032,0,8
2025-01-18,Store_003,Clothing,8452,603,310,41419,1,3
2025-01-18,Store_003,Electronics,24978,703,692,44177,0,4
2025-01-18,Store_003,Accessories,22939,1231,529,23221,1,10
2025-01-18,Store_003,Footwear,12083,306,162,27771,1,9
2025-01-19,Store_001,Clothing,20517,905,697,34557,1,8
2025-01-19,Store_001,Electronics,24152,1061,633,37856,1,10
2025-01-19,Store_001,Accessories,13428,512,394,33752,1,7
2025-01-19,Store_001,Footwear,23925,1887,434,21372,1,3
2025-01-19,Store_002,Clothing,21458,1450,535,36665,0,5
2025-01-19,Store_002,Electronics,12184,467,160,22875,0,8
2025-01-19,Store_002,Accessories,21725,425,694,25646,1,7
2025-01-19,Store_002,Footwear,19060,1077,713,18646,0,11
2025-01-19,Store_003,Clothing,7969,305,180,39373,0,11
2025-01-19,Store_003,Electronics,8067,621,226,29250,0,6
2025-01-19,Store_003,Accessories,18081,267,570,34063,1,5
2025-01-19,Store_003,Footwear,16046,846,479,38769,0,8
2025-01-20,Store_001,Clothing,9853,191,178,33863,0,2
2025-01-20,Store_001,Electronics,13942,395,160,11762,1,5
2025-01-20,Store_001,Accessories,17652,367,232,42921,0,3
2025-01-20,Store_001,Footwear,20048,693,614,44008,0,14
2025-01-20,Store_002,Clothing,17312,471,174,38145,0,6
2025-01-20,Store_002,Electronics,14650,425,305,33393,0,13
2025-01-20,Store_002,Accessories,21314,1581,820,45772,0,2
2025-01-20,Store_002,Footwear,6341,488,184,10338,0,9
2025-01-20,Store_003,Clothing,16344,917,644,12421,0,7
2025-01-20,Store_003,Electronics,16918,990,509,35064,1,14
2025-01-20,Store_003,Accessories,9873,505,266,22182,0,11
2025-01-20,Store_003,Footwear,21774,269,411,18820,0,8
2025-01-21,Store_001,Clothing,20023,361,485,39398,0,14
2025-01-21,Store_001,Electronics,23803,1645,829,47265,0,12
2025-01-21,Store_001,Accessories,14374,510,351,45435,1,13
2025-01-21,Store_001,Footwear,21514,1263,682,12983,1,11
2025-01-21,Store_002,Clothing,17651,883,461,38535,1,2
2025-01-21,Store_002,Electronics,20317,656,743,37345,0,2
2025-01-21,Store_002,Accessories,18737,1337,676,18502,1,4
2025-01-21,Store_002,Footwear,9346,665,356,37788,0,3
2025-01-21,Store_003,Clothing,8810,131,290,26371,1,14
2025-01-21,Store_003,Electronics,13436,585,243,43039,1,9
2025-01-21,Store_003,Accessories,15616,995,400,34574,0,8
2025-01-21,Store_003,Footwear,15816,422,326,12050,1,14
2025-01-22,Store_001,Clothing,7033,216,278,35280,1,6
2025-01-22,Store_001,Electronics,7632,134,126,33895,1,5
2025-01-22,Store_001,Accessories,15233,1003,601,42123,0,7
2025-01-22,Store_001,Footwear,13202,967,426,24561,0,10
2025-01-22,Store_002,Clothing,21220,1177,242,46332,1,11
2025-01-22,Store_002,Electronics,22208,564,741,37376,0,11
2025-01-22,Store_002,Accessories,20876,293,762,17214,0,8
2025-01-22,Store_002,Footwear,16362,847,291,40448,0,14
2025-01-22,Store_003,Clothing,23850,1504,348,36685,1,2
2025-01-22,Store_003,Electronics,12906,331,336,17287,0,14
2025-01-22,Store_003,Accessories,9675,489,210,27674,1,10
2025-01-22,Store_003,Footwear,15874,302,564,27602,0,10
2025-01-23,Store_001,Clothing,18774,1048,330,25585,0,9
2025-01-23,Store_001,Electronics,9133,257,237,13972,1,11
2025-01-23,Store_001,Accessories,13228,336,162,13020,1,13
2025-01-23,Store_001,Footwear,17880,255,665,19516,0,14
2025-01-23,Store_002,Clothing,6591,371,236,16183,1,12
2025-01-23,Store_002,Electronics,6312,451,109,17314,1,9
2025-01-23,Store_002,Accessories,23088,770,701,42088,0,6
2025-01-23,Store_002,Footwear,8738,547,318,32534,1,6
2025-01-23,Store_003,Clothing,14017,596,484,22713,0,11
2025-01-23,Store_003,Electronics,16700,1036,576,46766,0,3
2025-01-23,Store_003,Accessories,21077,1327,332,36123,1,8
2025-01-23,Store_003,Footwear,14882,1170,264,44832,0,9
2025-01-24,Store_001,Clothing,17987,191,332,11007,0,7
2025-01-24,Store_001,Electronics,16718,800,484,23281,0,13
2025-01-24,Store_001,Accessories,10084,657,121,17059,1,5
2025-01-24,Store_001,Footwear,19527,1163,397,18073,1,7
2025-01-24,Store_002,Clothing,16383,216,383,12353,0,14
2025-01-24,Store_002,Electronics,7428,273,130,17813,1,4
2025-01-24,Store_002,Accessories,16801,354,643,23025,0,14
2025-01-24,Store_002,Footwear,11540,805,401,13342,1,8
2025-01-24,Store_003,Clothing,22482,572,666,23261,1,5
2025-01-24,Store_003,Electronics,24280,1879,775,38087,1,13
2025-01-24,Store_003,Accessories,11446,450,250,38602,0,5
2025-01-24,Store_003,Footwear,10626,410,174,29982,0,3
2025-01-25,Store_001,Clothing,24440,1359,591,36385,1,13
2025-01-25,Store_001,Electronics,6607,139,219,15776,1,14
2025-01-25,Store_001,Accessories,13782,575,145,30017,0,5
2025-01-25,Store_001,Footwear,22343,683,871,15655,0,13
2025-01-25,Store_002,Clothing,20251,1331,278,13224,1,8
2025-01-25,Store_002,Electronics,18547,506,310,18712,0,7
2025-01-25,Store_002,Accessories,10109,331,232,45201,1,9
2025-01-25,Store_002,Footwear,9167,389,223,36589,0,3
2025-01-25,Store_003,Clothing,13357,406,478,31804,1,10
2025-01-25,Store_003,Electronics,24880,317,327,42981,1,4
2025-01-25,Store_003,Accessories,15640,268,446,48559,0,7
2025-01-25,Store_003,Footwear,21019,719,416,19127,0,3
2025-01-26,Store_001,Clothing,21385,1013,742,28333,0,2
2025-01-26,Store_001,Electronics,22301,725,357,25525,0,8
2025-01-26,Store_001,Accessories,15361,1014,230,13041,0,11
2025-01-26,Store_001,Footwear,23279,1269,254,48850,1,12
2025-01-26,Store_002,Clothing,11917,633,372,36015,0,10
2025-01-26,Store_002,Electronics,8911,534,179,13389,1,5
2025-01-26,Store_002,Accessories,7430,115,207,42975,0,5
2025-01-26,Store_002,Footwear,21405,891,319,43282,0,10
2025-01-26,Store_003,Clothing,9109,143,158,25349,1,13
2025-01-26,Store_003,Electronics,6560,465,257,36745,1,4
2025-01-26,Store_003,Accessories,24811,1540,570,38380,0,8
2025-01-26,Store_003,Footwear,21690,462,641,20181,1,3
2025-01-27,Store_001,Clothing,9644,769,284,12920,0,12
2025-01-27,Store_001,Electronics,19025,727,207,49004,0,7
2025-01-27,Store_001,Accessories,5352,368,170,17005,0,6
2025-01-27,Store_001,Footwear,5956,412,125,22803,1,13
2025-01-27,Store_002,Clothing,11675,529,270,25282,1,10
2025-01-27,Store_002,Electronics,17003,1209,385,36017,0,5
2025-01-27,Store_002,Accessories,17201,1366,370,31116,0,13
2025-01-27,Store_002,Footwear,5529,299,77,29342,0,2
2025-01-27,Store_003,Clothing,24975,958,723,22765,0,8
2025-01-27,Store_003,Electronics,5525,430,196,43142,1,6
2025-01-27,Store_003,Accessories,9648,263,225,40523,0,14
2025-01-27,Store_003,Footwear,9599,485,123,45923,0,3
2025-01-28,Store_001,Clothing,8216,307,145,36616,1,13
2025-01-28,Store_001,Electronics,15238,780,333,30939,1,9
2025-01-28,Store_001,Accessories,8374,221,196,43397,0,11
2025-01-28,Store_001,Footwear,16083,1093,444,16276,1,5
2025-01-28,Store_002,Clothing,15552,337,172,16099,0,13
2025-01-28,Store_002,Electronics,24118,1361,851,36788,0,2
2025-01-28,Store_002,Accessories,19135,975,309,11742,1,7
2025-01-28,Store_002,Footwear,22340,276,579,26001,0,10
2025-01-28,Store_003,Clothing,5281,67,124,49030,1,4
2025-01-28,Store_003,Electronics,10178,327,114,19200,0,4
2025-01-28,Store_003,Accessories,13467,1064,136,11239,0,12
2025-01-28,Store_003,Footwear,17504,958,445,25398,1,9
2025-01-29,Store_001,Clothing,8249,280,113,23605,1,5
2025-01-29,Store_001,Electronics,10757,339,344,11969,1,11
2025-01-29,Store_001,Accessories,15225,352,548,33196,0,7
2025-01-29,Store_001,Footwear,17373,484,368,48006,0,11
2025-01-29,Store_002,Clothing,20504,1397,677,10302,0,9
2025-01-29,Store_002,Electronics,22370,1681,626,40659,0,2
2025-01-29,Store_002,Accessories,18598,1043,508,29508,1,6
2025-01-29,Store_002,Footwear,13125,735,256,47873,1,7
2025-01-29,Store_003,Clothing,12848,1021,163,16924,1,10
2025-01-29,Store_003,Electronics,24614,1518,544,35923,0,3
2025-01-29,Store_003,Accessories,6667,378,242,46321,1,3
2025-01-29,Store_003,Footwear,20638,835,280,48218,1,2
2025-01-30,Store_001,Clothing,14013,776,294,13726,1,2
2025-01-30,Store_001,Electronics,9806,484,259,22178,1,13
2025-01-30,Store_001,Accessories,22824,607,383,38144,0,4
2025-01-30,Store_001,Footwear,16530,863,353,35537,0,10
2025-01-30,Store_002,Clothing,11471,531,394,36523,1,6
2025-01-30,Store_002,Electronics,9760,357,169,26353,0,6
2025-01-30,Store_002,Accessories,19051,1001,655,35519,1,8
2025-01-30,Store_002,Footwear,18178,845,416,34596,0,8
2025-01-30,Store_003,Clothing,9431,521,279,31627,0,10
2025-01-30,Store_003,Electronics,9146,130,187,23076,1,14
2025-01-30,Store_003,Accessories,19113,413,354,17151,1,6
2025-01-30,Store_003,Footwear,8610,646,236,23467,1,4
2025-01-31,Store_001,Clothing,21489,1132,844,22289,1,2
2025-01-31,Store_001,Electronics,7137,132,110,44054,0,13
2025-01-31,Store_001,Accessories,12052,276,407,33486,1,9
2025-01-31,Store_001,Footwear,13636,381,334,34611,0,5
2025-01-31,Store_002,Clothing,6798,456,175,31675,1,9
2025-01-31,Store_002,Electronics,16130,164,589,33669,0,6
2025-01-31,Store_002,Accessories,24481,608,546,26393,1,9
2025-01-31,Store_002,Footwear,14852,1090,254,16295,0,2
2025-01-31,Store_003,Clothing,6316,196,224,49575,0,4
2025-01-31,Store_003,Electronics,8273,551,119,47778,1,5
2025-01-31,Store_003,Accessories,14654,748,528,36160,1,4
2025-01-31,Store_003,Footwear,22014,1045,644,21695,0,6
2025-02-01,Store_001,Clothing,5987,146,106,36122,1,11
2025-02-01,Store_001,Electronics,22484,1160,891,17421,1,10
2025-02-01,Store_001,Accessories,19114,989,436,38482,0,11
2025-02-01,Store_001,Footwear,16543,314,332,48467,1,11
2025-02-01,Store_002,Clothing,11764,183,259,17843,1,4
2025-02-01,Store_002,Electronics,15106,514,181,16704,1,13
2025-02-01,Store_002,Accessories,15756,234,285,14255,1,6
2025-02-01,Store_002,Footwear,6735,374,134,45196,1,11
2025-02-01,Store_003,Clothing,10249,815,273,29201,1,7
2025-02-01,Store_003,Electronics,14686,625,394,42007,0,7
2025-02-01,Store_003,Accessories,19788,440,299,20526,0,10
2025-02-01,Store_003,Footwear,7665,128,250,43400,1,8
2025-02-02,Store_001,Clothing,18711,1057,707,49891,1,4
2025-02-02,Store_001,Electronics,5236,96,168,39301,0,6
2025-02-02,Store_001,Accessories,13555,366,173,26669,1,6
2025-02-02,Store_001,Footwear,9895,187,331,21023,1,13
2025-02-02,Store_002,Clothing,24169,348,406,26163,0,2
2025-02-02,Store_002,Electronics,23792,383,633,40682,1,10
2025-02-02,Store_002,Accessories,10299,304,372,28073,1,5
2025-02-02,Store_002,Footwear,22826,1484,616,20382,0,7
2025-02-02,Store_003,Clothing,9107,684,314,22329,1,7
2025-02-02,Store_003,Electronics,6826,390,97,17629,1,7
2025-02-02,Store_003,Accessories,12693,198,185,34226,1,3
2025-02-02,Store_003,Footwear,24362,833,712,48675,1,3
2025-02-03,Store_001,Clothing,10656,535,300,39984,1,5
2025-02-03,Store_001,Electronics,9917,674,217,21138,0,4
2025-02-03,Store_001,Accessories,22432,1270,564,45732,1,3
2025-02-03,Store_001,Footwear,18891,294,365,33563,0,13
2025-02-03,Store_002,Clothing,5845,416,58,45262,0,7
2025-02-03,Store_002,Electronics,17330,924,252,47947,1,8
2025-02-03,Store_002,Accessories,12154,601,142,41497,1,10
2025-02-03,Store_002,Footwear,8850,555,167,36526,0,9
2025-02-03,Store_003,Clothing,10078,269,137,39794,0,6
2025-02-03,Store_003,Electronics,14074,315,355,33291,1,2
2025-02-03,Store_003,Accessories,6638,172,127,11382,0,13
2025-02-03,Store_003,Footwear,14011,783,444,47285,0,8
2025-02-04,Store_001,Clothing,14700,1059,303,15693,0,14
2025-02-04,Store_001,Electronics,6549,146,254,48908,0,7
2025-02-04,Store_001,Accessories,9481,183,319,16548,0,7
2025-02-04,Store_001,Footwear,15900,1005,261,15542,0,6
2025-02-04,Store_002,Clothing,19828,1552,769,45153,1,6
2025-02-04,Store_002,Electronics,5163,185,122,14795,0,12
2025-02-04,Store_002,Accessories,23739,679,327,39300,1,11
2025-02-04,Store_002,Footwear,9719,598,206,31223,1,4
2025-02-04,Store_003,Clothing,24877,932,740,40911,0,2
2025-02-04,Store_003,Electronics,11272,750,207,13631,1,14
2025-02-04,Store_003,Accessories,23663,1001,872,37425,1,9
2025-02-04,Store_003,Footwear,23631,611,555,18080,1,13
2025-02-05,Store_001,Clothing,19916,1227,227,32614,0,6
2025-02-05,Store_001,Electronics,24655,392,839,46224,0,14
2025-02-05,Store_001,Accessories,7711,96,166,26531,0,6
2025-02-05,Store_001,Footwear,15142,465,503,19866,0,5
2025-02-05,Store_002,Clothing,10510,681,136,38138,1,11
2025-02-05,Store_002,Electronics,11493,783,122,20759,0,11
2025-02-05,Store_002,Accessories,18279,841,604,33888,0,9
2025-02-05,Store_002,Footwear,7376,270,130,35538,1,2
2025-02-05,Store_003,Clothing,11979,769,291,22504,0,11
2025-02-05,Store_003,Electronics,11910,926,223,44964,0,5
2025-02-05,Store_003,Accessories,22153,1154,325,49071,0,13
2025-02-05,Store_003,Footwear,21905,737,281,33953,1,8
2025-02-06,Store_001,Clothing,9583,385,366,49896,0,3
2025-02-06,Store_001,Electronics,7461,559,273,21435,1,4
2025-02-06,Store_001,Accessories,17258,983,648,20736,1,13
2025-02-06,Store_001,Footwear,7196,452,233,25997,1,9
2025-02-06,Store_002,Clothing,22030,498,718,38927,1,7
2025-02-06,Store_002,Electronics,15773,753,220,29921,1,3
2025-02-06,Store_002,Accessories,20921,521,736,46850,0,8
2025-02-06,Store_002,Footwear,15517,744,391,11724,1,2
2025-02-06,Store_003,Clothing,13894,241,178,26406,1,14
2025-02-06,Store_003,Electronics,11251,613,268,46068,1,9
2025-02-06,Store_003,Accessories,8727,583,346,35860,0,4
2025-02-06,Store_003,Footwear,20463,482,329,39545,1,3
2025-02-07,Store_001,Clothing,8081,500,229,49213,1,8
2025-02-07,Store_001,Electronics,16329,569,434,47900,0,10
2025-02-07,Store_001,Accessories,19933,1382,645,20805,1,13
2025-02-07,Store_001,Footwear,22421,1400,444,33928,1,5
2025-02-07,Store_002,Clothing,6778,467,270,22087,0,4
2025-02-07,Store_002,Electronics,7179,265,239,48019,1,5
2025-02-07,Store_002,Accessories,6013,309,134,11828,0,7
2025-02-07,Store_002,Footwear,7023,157,105,24537,1,7
2025-02-07,Store_003,Clothing,6080,225,148,37766,1,8
2025-02-07,Store_003,Electronics,8586,124,266,33225,1,8
2025-02-07,Store_003,Accessories,8959,468,251,10161,0,3
2025-02-07,Store_003,Footwear,16154,724,189,15997,0,4
2025-02-08,Store_001,Clothing,14324,891,233,31817,0,7
2025-02-08,Store_001,Electronics,22251,1028,304,26044,0,5
2025-02-08,Store_001,Accessories,11256,454,133,43937,1,5
2025-02-08,Store_001,Footwear,14518,1159,425,43787,0,7
2025-02-08,Store_002,Clothing,17485,953,534,40447,0,12
2025-02-08,Store_002,Electronics,23509,1464,649,24472,0,11
2025-02-08,Store_002,Accessories,13329,445,242,38272,1,7
2025-02-08,Store_002,Footwear,23284,1508,532,27833,1,4
2025-02-08,Store_003,Clothing,21370,777,522,17999,1,6
2025-02-08,Store_003,Electronics,20433,1545,234,36201,1,5
2025-02-08,Store_003,Accessories,10105,744,103,12839,1,10
2025-02-08,Store_003,Footwear,18493,476,406,17531,0,13
2025-02-09,Store_001,Clothing,6619,370,77,33252,0,9
2025-02-09,Store_001,Electronics,14557,412,541,10162,1,8
2025-02-09,Store_001,Accessories,22015,1722,503,38047,1,7
2025-02-09,Store_001,Footwear,12896,830,141,40508,0,5
2025-02-09,Store_002,Clothing,7643,407,198,48328,1,6
2025-02-09,Store_002,Electronics,9000,576,287,41358,1,3
2025-02-09,Store_002,Accessories,20562,1592,448,21918,0,8
2025-02-09,Store_002,Footwear,16929,665,420,32669,1,10
2025-02-09,Store_003,Clothing,6753,157,130,36928,1,4
2025-02-09,Store_003,Electronics,15123,521,219,35000,1,2
2025-02-09,Store_003,Accessories,20352,1415,523,29446,1,2
2025-02-09,Store_003,Footwear,5572,391,67,33481,0,12
2025-02-10,Store_001,Clothing,16861,816,283,11633,1,7
2025-02-10,Store_001,Electronics,15849,696,608,23140,0,6
2025-02-10,Store_001,Accessories,18368,1043,542,10097,1,4
2025-02-10,Store_001,Footwear,13535,880,321,40651,1,12
2025-02-10,Store_002,Clothing,6727,441,243,20800,1,8
2025-02-10,Store_002,Electronics,14369,475,367,40573,0,5
2025-02-10,Store_002,Accessories,11519,216,171,40798,1,7
2025-02-10,Store_002,Footwear,5781,154,228,37624,1,9
2025-02-10,Store_003,Clothing,12193,598,156,44881,1,10
2025-02-10,Store_003,Electronics,15183,452,321,28658,0,7
2025-02-10,Store_003,Accessories,23810,872,927,42658,1,6
2025-02-10,Store_003,Footwear,7551,174,206,43243,0,10
2025-02-11,Store_001,Clothing,12239,805,313,31038,0,9
2025-02-11,Store_001,Electronics,11971,702,233,21531,1,3
2025-02-11,Store_001,Accessories,11530,408,173,10282,0,3
2025-02-11,Store_001,Footwear,11629,230,180,29584,0,8
2025-02-11,Store_002,Clothing,5612,343,108,27071,1,12
2025-02-11,Store_002,Electronics,12133,643,413,15906,0,10
2025-02-11,Store_002,Accessories,20149,652,796,35150,1,14
2025-02-11,Store_002,Footwear,24988,1518,911,11283,0,13
2025-02-11,Store_003,Clothing,13438,256,171,18004,0,10
2025-02-11,Store_003,Electronics,8864,599,347,34217,1,6
2025-02-11,Store_003,Accessories,16739,1172,438,19587,1,7
2025-02-11,Store_003,Footwear,21299,1686,506,31953,1,13
2025-02-12,Store_001,Clothing,15964,443,320,19346,0,13
2025-02-12,Store_001,Electronics,14177,384,184,30215,1,11
2025-02-12,Store_001,Accessories,23099,1694,749,16450,1,3
2025-02-12,Store_001,Footwear,12096,489,426,26021,1,2
2025-02-12,Store_002,Clothing,23058,1592,252,42602,1,4
2025-02-12,Store_002,Electronics,6089,195,185,20487,1,13
2025-02-12,Store_002,Accessories,15693,1096,551,38795,1,2
2025-02-12,Store_002,Footwear,14046,216,505,19794,1,5
2025-02-12,Store_003,Clothing,19478,484,372,16370,0,10
2025-02-12,Store_003,Electronics,16565,1046,546,26843,1,2
2025-02-12,Store_003,Accessories,17130,242,637,20449,0,4
2025-02-12,Store_003,Footwear,12418,124,265,27761,0,9
2025-02-13,Store_001,Clothing,5141,362,115,19031,1,4
2025-02-13,Store_001,Electronics,11142,197,125,18787,0,2
2025-02-13,Store_001,Accessories,9249,718,173,28351,0,10
2025-02-13,Store_001,Footwear,20282,1375,713,31778,0,10
2025-02-13,Store_002,Clothing,15412,1192,295,17230,0,10
2025-02-13,Store_002,Electronics,18686,883,249,23074,0,5
2025-02-13,Store_002,Accessories,22317,411,385,41655,0,2
2025-02-13,Store_002,Footwear,11816,505,198,39492,0,4
2025-02-13,Store_003,Clothing,5040,67,179,18259,0,13
2025-02-13,Store_003,Electronics,21232,703,550,15374,0,8
2025-02-13,Store_003,Accessories,14277,936,392,19885,0,13
2025-02-13,Store_003,Footwear,6492,301,107,23615,1,5
2025-02-14,Store_001,Clothing,12851,231,479,12044,0,10
2025-02-14,Store_001,Electronics,18635,1319,720,30961,0,9
2025-02-14,Store_001,Accessories,18319,846,357,42174,1,9
2025-02-14,Store_001,Footwear,16851,716,392,36649,1,5
2025-02-14,Store_002,Clothing,19567,1494,608,40483,1,10
2025-02-14,Store_002,Electronics,23230,1065,500,41259,0,5
2025-02-14,Store_002,Accessories,21300,1660,596,10193,0,9
2025-02-14,Store_002,Footwear,16190,1276,359,42327,0,8
2025-02-14,Store_003,Clothing,7261,201,175,36512,1,14
2025-02-14,Store_003,Electronics,13921,1023,544,29835,0,11
2025-02-14,Store_003,Accessories,15332,660,369,39538,0,9
2025-02-14,Store_003,Footwear,22839,677,582,40519,1,2
2025-02-15,Store_001,Clothing,15288,161,539,27543,1,12
2025-02-15,Store_001,Electronics,20200,681,548,26724,1,6
2025-02-15,Store_001,Accessories,17605,665,385,37005,0,10
2025-02-15,Store_001,Footwear,18860,564,383,43623,0,6
2025-02-15,Store_002,Clothing,21294,1069,644,32054,0,14
2025-02-15,Store_002,Electronics,6517,518,142,27740,0,14
2025-02-15,Store_002,Accessories,13210,512,415,22743,1,14
2025-02-15,Store_002,Footwear,16531,945,521,32432,0,14
2025-02-15,Store_003,Clothing,5987,404,174,47383,0,10
2025-02-15,Store_003,Electronics,18654,1123,524,10726,1,2
2025-02-15,Store_003,Accessories,18969,341,449,27373,1,2
2025-02-15,Store_003,Footwear,21977,361,582,44542,1,13
2025-02-16,Store_001,Clothing,8808,337,336,34306,0,10
2025-02-16,Store_001,Electronics,10054,555,281,44610,1,12
2025-02-16,Store_001,Accessories,14101,768,400,21381,0,10
2025-02-16,Store_001,Footwear,18851,415,226,21777,1,14
2025-02-16,Store_002,Clothing,11031,875,340,32785,1,2
2025-02-16,Store_002,Electronics,23850,987,889,34364,0,11
2025-02-16,Store_002,Accessories,9669,474,333,49832,1,8
2025-02-16,Store_002,Footwear,12461,862,285,23749,1,12
2025-02-16,Store_003,Clothing,7658,118,274,44888,1,6
2025-02-16,Store_003,Electronics,8259,213,194,44591,0,4
2025-02-16,Store_003,Accessories,24627,1826,481,13134,1,8
2025-02-16,Store_003,Footwear,20007,719,435,11141,0,5
2025-02-17,Store_001,Clothing,15135,548,346,32967,1,13
2025-02-17,Store_001,Electronics,8267,108,317,31312,1,2
2025-02-17,Store_001,Accessories,10906,128,111,27297,1,13
2025-02-17,Store_001,Footwear,16246,244,314,38797,1,12
2025-02-17,Store_002,Clothing,23213,1608,818,23703,1,3
2025-02-17,Store_002,Electronics,20845,870,816,15744,1,14
2025-02-17,Store_002,Accessories,12069,143,469,43210,0,4
2025-02-17,Store_002,Footwear,14370,353,212,47226,0,12
2025-02-17,Store_003,Clothing,23693,1491,500,12169,1,14
2025-02-17,Store_003,Electronics,13315,425,373,37734,1,7
2025-02-17,Store_003,Accessories,11139,536,314,35372,0,14
2025-02-17,Store_003,Footwear,19973,744,524,46575,1,7
2025-02-18,Store_001,Clothing,8236,357,123,11932,1,3
2025-02-18,Store_001,Electronics,10498,721,166,19569,1,14
2025-02-18,Store_001,Accessories,5340,181,186,36132,0,13
2025-02-18,Store_001,Footwear,14714,317,588,40654,1,9
2025-02-18,Store_002,Clothing,10004,538,220,36762,1,5
2025-02-18,Store_002,Electronics,24554,1758,664,44919,0,7
2025-02-18,Store_002,Accessories,11905,503,423,28951,1,13
2025-02-18,Store_002,Footwear,7660,367,285,20238,0,12
2025-02-18,Store_003,Clothing,6708,282,217,20485,1,6
2025-02-18,Store_003,Electronics,21859,306,524,11207,1,5
2025-02-18,Store_003,Accessories,20883,1626,530,10882,1,4
2025-02-18,Store_003,Footwear,10867,682,231,22869,1,8
2025-02-19,Store_001,Clothing,12269,571,264,23527,1,8
2025-02-19,Store_001,Electronics,17991,799,647,46593,0,2
2025-02-19,Store_001,Accessories,20309,851,569,31083,0,4
2025-02-19,Store_001,Footwear,24203,1608,285,29503,0,10
2025-02-19,Store_002,Clothing,12084,492,143,25072,0,9
2025-02-19,Store_002,Electronics,21165,590,799,35518,1,14
2025-02-19,Store_002,Accessories,24151,1530,765,46188,1,7
2025-02-19,Store_002,Footwear,24337,472,505,22413,0,6
2025-02-19,Store_003,Clothing,11337,377,293,25906,1,9
2025-02-19,Store_003,Electronics,17306,416,219,29225,1,2
2025-02-19,Store_003,Accessories,15886,207,460,13363,1,10
2025-02-19,Store_003,Footwear,14959,1130,493,17295,0,10
2025-02-20,Store_001,Clothing,15433,267,489,38182,0,10
2025-02-20,Store_001,Electronics,20743,1205,397,44782,1,7
2025-02-20,Store_001,Accessories,14101,938,143,20207,0,3
2025-02-20,Store_001,Footwear,23514,1095,289,32031,1,3
2025-02-20,Store_002,Clothing,17449,1144,250,25717,0,13
2025-02-20,Store_002,Electronics,22881,874,821,20350,1,13
2025-02-20,Store_002,Accessories,7951,242,295,14727,1,8
2025-02-20,Store_002,Footwear,7780,395,205,38454,1,2
2025-02-20,Store_003,Clothing,5436,67,74,33864,1,10
2025-02-20,Store_003,Electronics,15576,940,429,33071,1,11
2025-02-20,Store_003,Accessories,6589,98,113,10159,1,3
2025-02-20,Store_003,Footwear,11555,305,216,18244,1,9
2025-02-21,Store_001,Clothing,18341,851,610,43996,1,12
2025-02-21,Store_001,Electronics,10585,403,148,48814,1,3
2025-02-21,Store_001,Accessories,17641,1067,389,17016,1,13
2025-02-21,Store_001,Footwear,18752,187,213,33545,1,14
2025-02-21,Store_002,Clothing,8167,420,224,32736,0,8
2025-02-21,Store_002,Electronics,19087,195,238,25275,0,10
2025-02-21,Store_002,Accessories,13859,237,251,29008,0,12
2025-02-21,Store_002,Footwear,10793,344,396,41331,1,3
2025-02-21,Store_003,Clothing,15380,608,381,42441,0,8
2025-02-21,Store_003,Electronics,17091,927,242,33478,0,11
2025-02-21,Store_003,Accessories,17180,1224,315,39796,0,2
2025-02-21,Store_003,Footwear,5522,422,72,19821,0,10
2025-02-22,Store_001,Clothing,12122,659,159,11316,1,11
2025-02-22,Store_001,Electronics,20206,909,479,32056,1,4
2025-02-22,Store_001,Accessories,12935,463,149,15355,1,10
2025-02-22,Store_001,Footwear,18324,717,650,34972,0,5
2025-02-22,Store_002,Clothing,20887,751,760,40154,0,7
2025-02-22,Store_002,Electronics,23400,1538,511,28156,1,3
2025-02-22,Store_002,Accessories,19609,1207,615,29604,0,13
2025-02-22,Store_002,Footwear,22845,1154,685,43002,1,4
2025-02-22,Store_003,Clothing,9213,596,96,12100,0,11
2025-02-22,Store_003,Electronics,24557,825,944,18016,1,5
2025-02-22,Store_003,Accessories,22058,981,571,44926,0,7
2025-02-22,Store_003,Footwear,8253,236,299,22828,0,12
2025-02-23,Store_001,Clothing,6401,296,123,36853,1,2
2025-02-23,Store_001,Electronics,24611,706,343,20704,0,9
2025-02-23,Store_001,Accessories,8866,445,120,15818,0,10
2025-02-23,Store_001,Footwear,20493,829,415,40431,1,6
2025-02-23,Store_002,Clothing,9025,231,90,30093,0,13
2025-02-23,Store_002,Electronics,19890,1122,694,30936,1,12
2025-02-23,Store_002,Accessories,20064,609,292,21308,0,7
2025-02-23,Store_002,Footwear,17903,261,503,12204,0,3
2025-02-23,Store_003,Clothing,24660,1536,289,49382,1,13
2025-02-23,Store_003,Electronics,18913,1500,490,43398,1,6
2025-02-23,Store_003,Accessories,14171,681,237,26616,1,2
2025-02-23,Store_003,Footwear,12659,675,448,21704,1,11
2025-02-24,Store_001,Clothing,13652,911,399,23379,1,13
2025-02-24,Store_001,Electronics,6072,463,146,42983,0,7
2025-02-24,Store_001,Accessories,23990,341,345,46081,0,11
2025-02-24,Store_001,Footwear,10939,285,245,45063,1,7
2025-02-24,Store_002,Clothing,23330,1476,897,29167,1,14
2025-02-24,Store_002,Electronics,16837,1119,259,49121,0,11
2025-02-24,Store_002,Accessories,16486,215,385,47853,0,7
2025-02-24,Store_002,Footwear,16691,1215,235,18811,1,2
2025-02-24,Store_003,Clothing,11474,751,445,23979,1,13
2025-02-24,Store_003,Electronics,19607,1069,614,35851,0,9
2025-02-24,Store_003,Accessories,20449,952,486,15451,0,12
2025-02-24,Store_003,Footwear,12186,272,191,40873,0,7
2025-02-25,Store_001,Clothing,5882,360,228,38001,0,2
2025-02-25,Store_001,Electronics,7895,619,117,15366,1,9
2025-02-25,Store_001,Accessories,13199,846,313,20211,0,2
2025-02-25,Store_001,Footwear,17474,1349,436,32357,0,14
2025-02-25,Store_002,Clothing,17424,1193,658,28020,0,13
2025-02-25,Store_002,Electronics,9009,597,308,34532,1,9
2025-02-25,Store_002,Accessories,9967,691,175,19135,0,12
2025-02-25,Store_002,Footwear,20514,247,205,30331,1,14
2025-02-25,Store_003,Clothing,7787,235,300,29702,1,12
2025-02-25,Store_003,Electronics,7176,94,151,37228,1,8
2025-02-25,Store_003,Accessories,14171,231,387,13696,1,8
2025-02-25,Store_003,Footwear,24149,1293,657,14956,1,5
2025-02-26,Store_001,Clothing,6105,341,229,25417,1,11
2025-02-26,Store_001,Electronics,17602,448,195,30584,0,6
2025-02-26,Store_001,Accessories,15593,897,357,36536,0,14
2025-02-26,Store_001,Footwear,7871,398,257,32626,0,13
2025-02-26,Store_002,Clothing,15642,313,600,24534,0,8
2025-02-26,Store_002,Electronics,17839,679,618,14557,1,5
2025-02-26,Store_002,Accessories,13275,595,234,45948,0,14
2025-02-26,Store_002,Footwear,14583,484,424,26998,0,13
2025-02-26,Store_003,Clothing,21654,1549,753,25042,0,9
2025-02-26,Store_003,Electronics,19270,640,571,29991,0,9
2025-02-26,Store_003,Accessories,21673,1545,400,16614,0,6
2025-02-26,Store_003,Footwear,21662,1628,714,47726,0,6
2025-02-27,Store_001,Clothing,22208,1139,463,35275,0,7
2025-02-27,Store_001,Electronics,14865,357,343,29540,1,14
2025-02-27,Store_001,Accessories,10810,147,208,20179,1,13
2025-02-27,Store_001,Footwear,17707,1096,401,36564,1,14
2025-02-27,Store_002,Clothing,7749,521,140,35711,1,12
2025-02-27,Store_002,Electronics,8450,675,140,30195,0,8
2025-02-27,Store_002,Accessories,10141,380,302,12708,0,9
2025-02-27,Store_002,Footwear,16834,656,304,13273,1,12
2025-02-27,Store_003,Clothing,17541,892,428,13551,1,11
2025-02-27,Store_003,Electronics,7832,408,108,32963,1,10
2025-02-27,Store_003,Accessories,16108,276,244,48078,0,10
2025-02-27,Store_003,Footwear,6104,459,188,39783,0,3
2025-02-28,Store_001,Clothing,12263,206,167,33749,1,2
2025-02-28,Store_001,Electronics,18689,1140,639,46432,0,3
2025-02-28,Store_001,Accessories,23908,477,940,47125,1,5
2025-02-28,Store_001,Footwear,6538,119,251,35675,0,14
2025-02-28,Store_002,Clothing,17112,626,368,29555,0,5
2025-02-28,Store_002,Electronics,9946,644,337,46258,0,9
2025-02-28,Store_002,Accessories,22677,1565,706,24211,1,9
2025-02-28,Store_002,Footwear,9997,482,228,48055,0,4
2025-02-28,Store_003,Clothing,22860,1378,351,10389,0,9
2025-02-28,Store_003,Electronics,6855,411,249,45531,0,12
2025-02-28,Store_003,Accessories,8731,501,315,37798,0,3
2025-02-28,Store_003,Footwear,22266,1004,827,21889,1,8
2025-03-01,Store_001,Clothing,18521,506,289,26199,1,13
2025-03-01,Store_001,Electronics,24581,918,549,36500,1,12
2025-03-01,Store_001,Accessories,24333,812,538,20808,0,13
2025-03-01,Store_001,Footwear,11261,307,258,29488,1,3
2025-03-01,Store_002,Clothing,21402,1229,820,36049,1,8
2025-03-01,Store_002,Electronics,18452,1198,294,25950,1,8
2025-03-01,Store_002,Accessories,10941,569,216,32931,1,14
2025-03-01,Store_002,Footwear,20166,811,242,39240,1,9
2025-03-01,Store_003,Clothing,10788,845,285,20561,1,7
2025-03-01,Store_003,Electronics,6988,162,178,24256,0,12
2025-03-01,Store_003,Accessories,12162,637,391,32625,0,10
2025-03-01,Store_003,Footwear,10633,320,415,20825,1,7
2025-03-02,Store_001,Clothing,6518,499,83,26346,1,10
2025-03-02,Store_001,Electronics,8554,473,89,40109,1,6
2025-03-02,Store_001,Accessories,21194,765,498,11306,0,11
2025-03-02,Store_001,Footwear,18032,843,274,28689,0,14
2025-03-02,Store_002,Clothing,7642,133,245,25438,0,12
2025-03-02,Store_002,Electronics,20226,1295,428,37491,0,3
2025-03-02,Store_002,Accessories,13475,726,513,47164,1,5
2025-03-02,Store_002,Footwear,5082,391,178,21683,0,10
2025-03-02,Store_003,Clothing,17905,1105,233,40981,0,7
2025-03-02,Store_003,Electronics,21753,1348,798,22977,1,4
2025-03-02,Store_003,Accessories,22748,1683,523,39038,1,5
2025-03-02,Store_003,Footwear,7962,408,239,14138,1,10
2025-03-03,Store_001,Clothing,9017,540,144,38327,0,8
2025-03-03,Store_001,Electronics,6134,378,100,47887,1,2
2025-03-03,Store_001,Accessories,9164,141,189,31281,1,9
2025-03-03,Store_001,Footwear,22721,1176,480,11551,0,3
2025-03-03,Store_002,Clothing,22910,1573,568,36149,1,4
2025-03-03,Store_002,Electronics,15558,748,395,20626,1,11
2025-03-03,Store_002,Accessories,6014,370,199,40471,1,4
2025-03-03,Store_002,Footwear,15748,801,284,18024,1,8
2025-03-03,Store_003,Clothing,16035,1187,177,37172,1,10
2025-03-03,Store_003,Electronics,24642,1030,718,30025,0,12
2025-03-03,Store_003,Accessories,13933,556,199,38273,0,13
2025-03-03,Store_003,Footwear,19427,764,651,26446,1,7
2025-03-04,Store_001,Clothing,12352,297,144,41957,1,8
2025-03-04,Store_001,Electronics,13003,321,408,17296,1,8
2025-03-04,Store_001,Accessories,16173,903,216,11637,1,7
2025-03-04,Store_001,Footwear,22028,1433,802,28452,1,3
2025-03-04,Store_002,Clothing,7668,520,262,25954,0,4
2025-03-04,Store_002,Electronics,5195,388,138,45098,1,9
2025-03-04,Store_002,Accessories,5060,175,170,24387,0,9
2025-03-04,Store_002,Footwear,18622,467,394,36147,1,11
2025-03-04,Store_003,Clothing,24238,635,899,33408,1,6
2025-03-04,Store_003,Electronics,22413,1092,354,28978,1,8
2025-03-04,Store_003,Accessories,5086,349,114,34527,0,4
2025-03-04,Store_003,Footwear,24157,742,539,37886,1,6
2025-03-05,Store_001,Clothing,16821,621,169,15520,0,8
2025-03-05,Store_001,Electronics,13837,903,363,23917,1,7
2025-03-05,Store_001,Accessories,13912,542,507,41135,1,11
2025-03-05,Store_001,Footwear,6673,363,90,34690,0,5
2025-03-05,Store_002,Clothing,18545,974,217,36829,0,8
2025-03-05,Store_002,Electronics,20093,577,545,13453,1,13
2025-03-05,Store_002,Accessories,15602,764,356,25534,1,2
2025-03-05,Store_002,Footwear,21402,1231,344,47865,1,2
2025-03-05,Store_003,Clothing,10618,512,113,11920,0,3
2025-03-05,Store_003,Electronics,5238,94,70,15552,0,6
2025-03-05,Store_003,Accessories,16164,658,217,16160,1,8
2025-03-05,Store_003,Footwear,20810,505,469,43584,0,8
2025-03-06,Store_001,Clothing,23160,1222,699,49082,1,10
2025-03-06,Store_001,Electronics,12374,890,217,40698,1,11
2025-03-06,Store_001,Accessories,8893,539,313,43272,1,7
2025-03-06,Store_001,Footwear,15738,297,408,16773,0,10
2025-03-06,Store_002,Clothing,16676,380,608,47825,0,10
2025-03-06,Store_002,Electronics,9994,109,340,47405,0,10
2025-03-06,Store_002,Accessories,15674,464,569,21999,0,9
2025-03-06,Store_002,Footwear,7763,176,275,48759,1,5
2025-03-06,Store_003,Clothing,16064,1264,408,46945,0,3
2025-03-06,Store_003,Electronics,7382,193,144,43402,1,11
2025-03-06,Store_003,Accessories,19162,285,231,18397,0,9
2025-03-06,Store_003,Footwear,7890,441,275,18026,0,12
2025-03-07,Store_001,Clothing,14471,634,186,24683,0,13
2025-03-07,Store_001,Electronics,16767,811,381,36531,1,9
2025-03-07,Store_001,Accessories,6892,320,225,45622,0,11
2025-03-07,Store_001,Footwear,16618,946,536,34255,0,13
2025-03-07,Store_002,Clothing,8163,193,120,44693,1,14
2025-03-07,Store_002,Electronics,15966,836,585,25935,1,11
2025-03-07,Store_002,Accessories,16748,802,375,29275,1,11
2025-03-07,Store_002,Footwear,11410,330,177,26999,1,12
2025-03-07,Store_003,Clothing,12404,310,393,11629,1,13
2025-03-07,Store_003,Electronics,17682,409,546,37216,1,11
2025-03-07,Store_003,Accessories,11539,473,447,14886,0,3
2025-03-07,Store_003,Footwear,18680,542,334,38453,1,10
2025-03-08,Store_001,Clothing,24109,1503,623,32588,0,2
2025-03-08,Store_001,Electronics,9251,392,321,10922,1,5
2025-03-08,Store_001,Accessories,24430,1572,582,43998,0,5
2025-03-08,Store_001,Footwear,9933,646,209,30324,0,5
2025-03-08,Store_002,Clothing,20899,526,230,13748,0,7
2025-03-08,Store_002,Electronics,21034,1424,751,29259,1,9
2025-03-08,Store_002,Accessories,7103,171,164,26103,1,14
2025-03-08,Store_002,Footwear,9172,621,160,42001,1,9
2025-03-08,Store_003,Clothing,22589,1343,902,48437,1,12
2025-03-08,Store_003,Electronics,13490,1016,482,19306,0,14
2025-03-08,Store_003,Accessories,9460,403,184,38302,1,14
2025-03-08,Store_003,Footwear,7850,90,211,14594,1,7
2025-03-09,Store_001,Clothing,19334,301,202,16644,1,4
2025-03-09,Store_001,Electronics,15701,1164,175,27375,0,5
2025-03-09,Store_001,Accessories,8839,471,195,31188,1,6
2025-03-09,Store_001,Footwear,15776,234,367,15660,1,4
2025-03-09,Store_002,Clothing,5572,207,200,48163,1,4
2025-03-09,Store_002,Electronics,5650,423,145,16838,1,13
2025-03-09,Store_002,Accessories,22722,973,564,32164,1,13
2025-03-09,Store_002,Footwear,10232,432,257,34229,1,10
2025-03-09,Store_003,Clothing,24345,861,323,49605,1,3
2025-03-09,Store_003,Electronics,8716,120,256,10570,0,10
2025-03-09,Store_003,Accessories,23889,1166,668,39504,0,8
2025-03-09,Store_003,Footwear,23062,560,692,19941,1,3
2025-03-10,Store_001,Clothing,17380,1328,491,14529,0,2
2025-03-10,Store_001,Electronics,10162,424,310,44087,1,7
2025-03-10,Store_001,Accessories,19501,926,430,13255,0,11
2025-03-10,Store_001,Footwear,24404,1242,714,35520,1,7
2025-03-10,Store_002,Clothing,14802,762,171,32439,1,12
2025-03-10,Store_002,Electronics,17583,459,640,42464,1,5
2025-03-10,Store_002,Accessories,18455,1076,462,32250,1,8
2025-03-10,Store_002,Footwear,6262,362,249,32615,0,10
2025-03-10,Store_003,Clothing,23643,594,675,26848,1,8
2025-03-10,Store_003,Electronics,6230,431,127,13805,0,5
2025-03-10,Store_003,Accessories,10750,405,409,45903,0,11
2025-03-10,Store_003,Footwear,6546,427,98,27478,1,13
2025-03-11,Store_001,Clothing,9145,263,211,41647,0,5
2025-03-11,Store_001,Electronics,24539,1916,329,36616,1,9
2025-03-11,Store_001,Accessories,9331,275,154,34685,0,9
2025-03-11,Store_001,Footwear,14275,968,431,25408,1,5
2025-03-11,Store_002,Clothing,21351,1671,307,21349,0,5
2025-03-11,Store_002,Electronics,11079,170,138,28263,0,9
2025-03-11,Store_002,Accessories,16905,1150,411,44779,1,6
2025-03-11,Store_002,Footwear,6289,285,180,32765,0,9
2025-03-11,Store_003,Clothing,24567,545,571,48230,0,2
2025-03-11,Store_003,Electronics,24166,760,282,47688,1,8
2025-03-11,Store_003,Accessories,13417,564,402,15208,1,3
2025-03-11,Store_003,Footwear,18223,1029,641,19486,1,8
2025-03-12,Store_001,Clothing,16088,1022,168,30519,1,5
2025-03-12,Store_001,Electronics,12124,536,300,24031,0,10
2025-03-12,Store_001,Accessories,20787,1207,280,16587,1,8
2025-03-12,Store_001,Footwear,16151,532,410,42954,1,10
2025-03-12,Store_002,Clothing,7535,178,190,12032,1,6
2025-03-12,Store_002,Electronics,18900,955,319,11881,1,7
2025-03-12,Store_002,Accessories,22958,1727,326,11695,0,12
2025-03-12,Store_002,Footwear,6445,450,106,26436,0,4
2025-03-12,Store_003,Clothing,11901,806,324,18597,0,14
2025-03-12,Store_003,Electronics,23678,1183,903,35805,1,4
2025-03-12,Store_003,Accessories,19079,307,674,39872,0,12
2025-03-12,Store_003,Footwear,17100,380,300,29800,0,10
2025-03-13,Store_001,Clothing,9820,699,319,29942,1,7
2025-03-13,Store_001,Electronics,20916,1483,602,42369,0,2
2025-03-13,Store_001,Accessories,5336,110,68,13968,0,14
2025-03-13,Store_001,Footwear,8129,216,311,15850,1,14
2025-03-13,Store_002,Clothing,13519,331,374,21737,0,12
2025-03-13,Store_002,Electronics,20588,877,301,15592,1,14
2025-03-13,Store_002,Accessories,15997,641,608,19104,0,8
2025-03-13,Store_002,Footwear,21881,828,330,43885,0,3
2025-03-13,Store_003,Clothing,19996,263,335,49760,1,9
2025-03-13,Store_003,Electronics,21526,1587,247,46203,0,6
2025-03-13,Store_003,Accessories,6848,278,232,44485,1,2
2025-03-13,Store_003,Footwear,19154,793,607,35864,1,13
2025-03-14,Store_001,Clothing,18304,962,391,28074,1,13
2025-03-14,Store_001,Electronics,8303,199,114,38810,1,8
2025-03-14,Store_001,Accessories,22888,608,802,19940,0,6
2025-03-14,Store_001,Footwear,14783,548,156,23233,0,7
2025-03-14,Store_002,Clothing,5191,208,95,48599,1,10
2025-03-14,Store_002,Electronics,18682,638,351,37796,0,4
2025-03-14,Store_002,Accessories,17391,1309,492,47531,0,12
2025-03-14,Store_002,Footwear,16410,385,469,11051,0,3
2025-03-14,Store_003,Clothing,17580,1264,322,42323,0,7
2025-03-14,Store_003,Electronics,16939,1311,533,10307,1,11
2025-03-14,Store_003,Accessories,8176,280,158,37323,0,4
2025-03-14,Store_003,Footwear,19330,1342,768,11961,1,3
2025-03-15,Store_001,Clothing,15848,1196,335,23255,0,9
2025-03-15,Store_001,Electronics,20235,483,368,26567,0,13
2025-03-15,Store_001,Accessories,14590,1134,253,41521,1,4
2025-03-15,Store_001,Footwear,16241,1191,443,42703,1,9
2025-03-15,Store_002,Clothing,13002,397,497,31698,1,11
2025-03-15,Store_002,Electronics,20472,214,357,22392,1,6
2025-03-15,Store_002,Accessories,18998,725,700,28782,0,3
2025-03-15,Store_002,Footwear,18782,575,435,12230,1,2
2025-03-15,Store_003,Clothing,9765,740,350,38820,1,10
2025-03-15,Store_003,Electronics,5627,103,145,16589,0,14
2025-03-15,Store_003,Accessories,23725,1370,759,10249,0,5
2025-03-15,Store_003,Footwear,14175,257,525,26260,1,7
2025-03-16,Store_001,Clothing,12279,310,465,11987,1,12
2025-03-16,Store_001,Electronics,18026,895,402,19878,1,4
2025-03-16,Store_001,Accessories,15377,505,535,43776,1,9
2025-03-16,Store_001,Footwear,9668,624,201,44484,1,8
2025-03-16,Store_002,Clothing,6260,318,230,21460,1,10
2025-03-16,Store_002,Electronics,19011,1011,317,15898,1,13
2025-03-16,Store_002,Accessories,9006,198,156,40663,0,14
2025-03-16,Store_002,Footwear,13923,1097,239,41417,1,6
2025-03-16,Store_003,Clothing,18558,335,527,31031,1,6
2025-03-16,Store_003,Electronics,16454,957,532,44217,0,6
2025-03-16,Store_003,Accessories,9117,395,134,28412,0,9
2025-03-16,Store_003,Footwear,9624,471,230,18848,1,7
2025-03-17,Store_001,Clothing,5589,413,191,16509,1,9
2025-03-17,Store_001,Electronics,24964,921,402,19968,1,6
2025-03-17,Store_001,Accessories,14275,261,435,23269,1,11
2025-03-17,Store_001,Footwear,12384,645,239,34366,0,6
2025-03-17,Store_002,Clothing,9485,201,371,40143,1,3
2025-03-17,Store_002,Electronics,11928,894,160,24719,1,13
2025-03-17,Store_002,Accessories,17306,1110,533,25086,0,13
2025-03-17,Store_002,Footwear,23850,830,526,28019,0,4
2025-03-17,Store_003,Clothing,17719,235,655,32908,1,2
2025-03-17,Store_003,Electronics,22457,391,502,47663,1,5
2025-03-17,Store_003,Accessories,20161,960,538,44724,0,5
2025-03-17,Store_003,Footwear,19031,1292,315,23699,1,14
2025-03-18,Store_001,Clothing,21223,1518,359,23598,0,4
2025-03-18,Store_001,Electronics,9887,769,164,24536,0,8
2025-03-18,Store_001,Accessories,8575,364,167,46966,1,11
2025-03-18,Store_001,Footwear,12119,463,314,19673,0,7
2025-03-18,Store_002,Clothing,10316,667,240,26806,0,13
2025-03-18,Store_002,Electronics,12549,254,480,20589,0,7
2025-03-18,Store_002,Accessories,23925,419,598,13164,1,8
2025-03-18,Store_002,Footwear,10737,741,206,16009,1,10
2025-03-18,Store_003,Clothing,14221,465,495,46730,0,4
2025-03-18,Store_003,Electronics,9906,777,168,23699,1,5
2025-03-18,Store_003,Accessories,14170,484,328,42247,0,7
2025-03-18,Store_003,Footwear,22600,859,406,24191,0,8
2025-03-19,Store_001,Clothing,18704,977,428,35174,1,2
2025-03-19,Store_001,Electronics,19586,1482,561,11814,1,11
2025-03-19,Store_001,Accessories,24630,970,554,45699,1,8
2025-03-19,Store_001,Footwear,7971,152,270,33799,0,10
2025-03-19,Store_002,Clothing,24945,396,851,40009,0,8
2025-03-19,Store_002,Electronics,6048,340,74,18307,0,3
2025-03-19,Store_002,Accessories,10578,123,415,16548,1,7
2025-03-19,Store_002,Footwear,7941,562,130,35553,1,7
2025-03-19,Store_003,Clothing,22937,1606,880,18378,0,11
2025-03-19,Store_003,Electronics,18675,596,516,32831,1,11
2025-03-19,Store_003,Accessories,14548,722,172,15877,1,3
2025-03-19,Store_003,Footwear,23714,1176,331,24407,1,8
2025-03-20,Store_001,Clothing,17205,406,601,28443,1,14
2025-03-20,Store_001,Electronics,5016,128,89,26848,0,9
2025-03-20,Store_001,Accessories,10956,178,220,12843,1,7
2025-03-20,Store_001,Footwear,20972,332,626,32927,0,11
2025-03-20,Store_002,Clothing,24579,1551,602,33324,0,4
2025-03-20,Store_002,Electronics,20790,979,564,34338,0,14
2025-03-20,Store_002,Accessories,18971,1164,421,14926,1,5
2025-03-20,Store_002,Footwear,9319,536,102,49876,1,7
2025-03-20,Store_003,Clothing,21428,720,435,28293,0,14
2025-03-20,Store_003,Electronics,5691,413,96,10931,1,10
2025-03-20,Store_003,Accessories,19226,1064,273,32766,0,10
2025-03-20,Store_003,Footwear,22695,1536,333,28257,1,6
2025-03-21,Store_001,Clothing,20946,737,379,36553,0,5
2025-03-21,Store_001,Electronics,11792,246,463,20374,1,5
2025-03-21,Store_001,Accessories,15717,544,396,22450,1,10
2025-03-21,Store_001,Footwear,7462,225,171,10287,1,3
2025-03-21,Store_002,Clothing,6161,245,165,45131,1,9
2025-03-21,Store_002,Electronics,21527,1187,492,24758,1,6
2025-03-21,Store_002,Accessories,7176,136,75,36627,0,8
2025-03-21,Store_002,Footwear,7654,328,226,27755,0,2
2025-03-21,Store_003,Clothing,21131,363,832,49321,1,12
2025-03-21,Store_003,Electronics,18482,1431,559,26395,0,4
2025-03-21,Store_003,Accessories,20216,1537,551,34368,1,3
2025-03-21,Store_003,Footwear,7077,258,74,46635,0,10
2025-03-22,Store_001,Clothing,9873,577,291,43783,0,10
2025-03-22,Store_001,Electronics,23734,336,668,42463,1,14
2025-03-22,Store_001,Accessories,15401,351,369,15543,1,10
2025-03-22,Store_001,Footwear,17488,937,428,13809,1,5
2025-03-22,Store_002,Clothing,18746,906,560,23210,0,3
2025-03-22,Store_002,Electronics,10197,385,278,24859,0,6
2025-03-22,Store_002,Accessories,7172,84,189,37540,0,11
2025-03-22,Store_002,Footwear,8981,592,130,20553,0,13
2025-03-22,Store_003,Clothing,10573,634,272,23731,1,7
2025-03-22,Store_003,Electronics,16087,1280,565,12776,1,2
2025-03-22,Store_003,Accessories,12697,643,230,27046,0,14
2025-03-22,Store_003,Footwear,20034,1496,277,20900,0,9
2025-03-23,Store_001,Clothing,7014,90,187,17148,0,8
2025-03-23,Store_001,Electronics,19022,358,717,25886,0,13
2025-03-23,Store_001,Accessories,11638,522,341,46634,1,5
2025-03-23,Store_001,Footwear,7253,132,227,10864,1,6
2025-03-23,Store_002,Clothing,17370,353,639,14054,1,9
2025-03-23,Store_002,Electronics,15530,1132,334,26709,1,10
2025-03-23,Store_002,Accessories,6985,366,120,47371,0,12
2025-03-23,Store_002,Footwear,14462,630,572,17754,1,8
2025-03-23,Store_003,Clothing,22751,872,272,24389,0,11
2025-03-23,Store_003,Electronics,22965,975,557,30350,1,11
2025-03-23,Store_003,Accessories,10968,485,213,17493,1,9
2025-03-23,Store_003,Footwear,7994,284,108,37332,1,12
2025-03-24,Store_001,Clothing,19547,1154,707,45912,0,8
2025-03-24,Store_001,Electronics,12954,791,202,16828,1,12
2025-03-24,Store_001,Accessories,11331,722,280,27883,0,5
2025-03-24,Store_001,Footwear,15450,398,376,27241,1,4
2025-03-24,Store_002,Clothing,5298,156,62,23331,1,9
2025-03-24,Store_002,Electronics,11578,590,196,22254,0,8
2025-03-24,Store_002,Accessories,15905,488,408,25882,1,7
2025-03-24,Store_002,Footwear,24730,1440,475,43709,0,5
2025-03-24,Store_003,Clothing,22627,1648,622,23543,1,9
2025-03-24,Store_003,Electronics,23350,829,560,30746,1,8
2025-03-24,Store_003,Accessories,15136,893,314,11893,0,13
2025-03-24,Store_003,Footwear,6652,313,261,43367,1,10
2025-03-25,Store_001,Clothing,8637,286,188,25989,1,5
2025-03-25,Store_001,Electronics,19342,808,735,20762,0,13
2025-03-25,Store_001,Accessories,12382,808,339,29953,0,13
2025-03-25,Store_001,Footwear,9633,646,118,42284,1,4
2025-03-25,Store_002,Clothing,23765,339,313,30827,0,2
2025-03-25,Store_002,Electronics,23157,806,311,45932,0,14
2025-03-25,Store_002,Accessories,19327,1526,549,24693,0,11
2025-03-25,Store_002,Footwear,20540,840,486,35081,0,7
2025-03-25,Store_003,Clothing,8590,476,124,38369,1,2
2025-03-25,Store_003,Electronics,22848,1190,823,21569,0,7
2025-03-25,Store_003,Accessories,7560,161,84,43979,0,3
2025-03-25,Store_003,Footwear,22027,542,585,18921,0,5
2025-03-26,Store_001,Clothing,17744,299,312,42263,0,14
2025-03-26,Store_001,Electronics,23723,1134,659,15930,0,12
2025-03-26,Store_001,Accessories,21017,463,305,11436,0,4
2025-03-26,Store_001,Footwear,12354,444,317,30900,0,2
2025-03-26,Store_002,Clothing,10037,630,160,25848,1,5
2025-03-26,Store_002,Electronics,6301,273,211,16411,0,5
2025-03-26,Store_002,Accessories,5692,134,112,49164,0,2
2025-03-26,Store_002,Footwear,15073,1175,423,16533,1,7
2025-03-26,Store_003,Clothing,16927,649,464,19316,0,3
2025-03-26,Store_003,Electronics,10476,112,359,12080,0,11
2025-03-26,Store_003,Accessories,12797,681,463,29878,1,10
2025-03-26,Store_003,Footwear,14974,387,347,44493,0,6
2025-03-27,Store_001,Clothing,10606,388,166,34849,0,4
2025-03-27,Store_001,Electronics,21081,776,490,48308,0,11
2025-03-27,Store_001,Accessories,20966,1413,579,14675,0,12
2025-03-27,Store_001,Footwear,11748,173,447,27857,0,13
2025-03-27,Store_002,Clothing,24480,1008,948,19782,1,12
2025-03-27,Store_002,Electronics,10798,565,262,22466,0,8
2025-03-27,Store_002,Accessories,14145,324,397,16559,1,6
2025-03-27,Store_002,Footwear,8124,378,100,22070,0,11
2025-03-27,Store_003,Clothing,5924,64,191,15506,0,4
2025-03-27,Store_003,Electronics,20310,1053,514,15515,1,7
2025-03-27,Store_003,Accessories,16410,1179,259,33047,0,8
2025-03-27,Store_003,Footwear,9270,420,246,39122,0,14
2025-03-28,Store_001,Clothing,16279,807,218,16477,1,14
2025-03-28,Store_001,Electronics,11470,193,300,29880,0,7
2025-03-28,Store_001,Accessories,19308,802,534,45081,0,12
2025-03-28,Store_001,Footwear,10831,333,163,46824,1,3
2025-03-28,Store_002,Clothing,6689,421,100,13917,1,10
2025-03-28,Store_002,Electronics,8862,702,340,24318,1,6
2025-03-28,Store_002,Accessories,10649,798,107,37281,0,12
2025-03-28,Store_002,Footwear,10560,146,348,11079,1,12
2025-03-28,Store_003,Clothing,20327,237,263,17235,0,10
2025-03-28,Store_003,Electronics,13514,1050,262,24287,0,9
2025-03-28,Store_003,Accessories,24037,1065,815,11141,1,3
2025-03-28,Store_003,Footwear,14281,730,173,42113,1,13
2025-03-29,Store_001,Clothing,6784,375,133,31650,0,4
2025-03-29,Store_001,Electronics,11681,831,288,24892,0,13
2025-03-29,Store_001,Accessories,17992,695,188,16869,1,8
2025-03-29,Store_001,Footwear,16538,552,373,30918,1,13
2025-03-29,Store_002,Clothing,22696,1549,698,15296,1,6
2025-03-29,Store_002,Electronics,18921,1053,417,27575,0,7
2025-03-29,Store_002,Accessories,22750,1132,688,24997,1,13
2025-03-29,Store_002,Footwear,13876,267,504,46854,1,7
2025-03-29,Store_003,Clothing,11040,426,210,40341,0,8
2025-03-29,Store_003,Electronics,21234,834,590,43949,0,14
2025-03-29,Store_003,Accessories,10974,297,175,28324,1,10
2025-03-29,Store_003,Footwear,6882,343,222,48353,0,9
2025-03-30,Store_001,Clothing,9530,332,295,11073,0,5
2025-03-30,Store_001,Electronics,14562,854,493,44924,0,10
2025-03-30,Store_001,Accessories,12257,562,171,23900,1,2
2025-03-30,Store_001,Footwear,19436,1435,599,11627,1,2
2025-03-30,Store_002,Clothing,23369,705,870,18488,1,7
2025-03-30,Store_002,Electronics,12164,747,335,32444,1,12
2025-03-30,Store_002,Accessories,18058,401,230,11378,1,2
2025-03-30,Store_002,Footwear,17433,1046,447,17036,1,9
2025-03-30,Store_003,Clothing,23432,556,647,14603,0,12
2025-03-30,Store_003,Electronics,5220,348,169,14818,0,10
2025-03-30,Store_003,Accessories,10618,296,163,47344,0,3
2025-03-30,Store_003,Footwear,20207,551,538,25905,1,10
2025-03-31,Store_001,Clothing,12813,656,159,24175,1,10
2025-03-31,Store_001,Electronics,23982,1453,443,33283,0,3
2025-03-31,Store_001,Accessories,9476,633,279,40734,1,5
2025-03-31,Store_001,Footwear,15860,1045,423,37856,1,4
2025-03-31,Store_002,Clothing,8332,412,287,19873,1,3
2025-03-31,Store_002,Electronics,11915,950,221,25689,1,14
2025-03-31,Store_002,Accessories,5066,68,71,17533,1,10
2025-03-31,Store_002,Footwear,10730,785,174,33849,0,14
2025-03-31,Store_003,Clothing,17940,1026,587,39769,1,13
2025-03-31,Store_003,Electronics,19643,900,319,42567,1,13
2025-03-31,Store_003,Accessories,18798,298,619,10178,1,6
2025-03-31,Store_003,Footwear,5798,449,80,12795,1,8
2025-04-01,Store_001,Clothing,12297,953,356,40329,1,8
2025-04-01,Store_001,Electronics,6605,235,193,39265,0,12
2025-04-01,Store_001,Accessories,10074,381,258,49867,1,4
2025-04-01,Store_001,Footwear,24773,1606,838,13432,0,5
2025-04-01,Store_002,Clothing,6515,474,193,49094,0,2
2025-04-01,Store_002,Electronics,20901,705,277,42728,0,7
2025-04-01,Store_002,Accessories,8793,283,318,25859,0,4
2025-04-01,Store_002,Footwear,23604,1654,777,41898,1,11
2025-04-01,Store_003,Clothing,22297,1697,258,29581,0,10
2025-04-01,Store_003,Electronics,20511,537,244,25474,1,3
2025-04-01,Store_003,Accessories,18386,1292,709,16221,0,4
2025-04-01,Store_003,Footwear,19356,1118,699,14922,0,9
2025-04-02,Store_001,Clothing,24567,783,342,15178,1,8
2025-04-02,Store_001,Electronics,8968,464,157,27719,0,7
2025-04-02,Store_001,Accessories,21762,1190,778,16380,1,9
2025-04-02,Store_001,Footwear,23138,584,366,19158,1,13
2025-04-02,Store_002,Clothing,18434,1263,288,32388,1,2
2025-04-02,Store_002,Electronics,10603,534,252,26766,0,2
2025-04-02,Store_002,Accessories,22796,1793,866,48914,1,5
2025-04-02,Store_002,Footwear,13802,948,519,43214,1,14
2025-04-02,Store_003,Clothing,20454,1463,392,48737,1,3
2025-04-02,Store_003,Electronics,24953,331,757,36181,0,12
2025-04-02,Store_003,Accessories,15486,448,293,31181,0,14
2025-04-02,Store_003,Footwear,5983,469,157,19916,0,5
2025-04-03,Store_001,Clothing,14216,198,367,46942,1,13
2025-04-03,Store_001,Electronics,20708,961,753,37125,0,8
2025-04-03,Store_001,Accessories,8775,399,192,31029,0,9
2025-04-03,Store_001,Footwear,18668,1053,448,21357,1,14
2025-04-03,Store_002,Clothing,20804,1351,719,24626,1,6
2025-04-03,Store_002,Electronics,24065,1375,440,19130,0,2
2025-04-03,Store_002,Accessories,23934,1499,775,16054,1,3
2025-04-03,Store_002,Footwear,15832,1261,595,32852,0,6
2025-04-03,Store_003,Clothing,6551,238,159,37812,1,9
2025-04-03,Store_003,Electronics,6449,163,163,34426,0,5
2025-04-03,Store_003,Accessories,7721,167,92,19637,1,12
2025-04-03,Store_003,Footwear,11240,667,230,21523,0,14
2025-04-04,Store_001,Clothing,6706,416,114,20400,0,13
2025-04-04,Store_001,Electronics,24894,310,289,38229,1,3
2025-04-04,Store_001,Accessories,16113,470,379,21703,1,3
2025-04-04,Store_001,Footwear,11256,462,284,26678,1,14
2025-04-04,Store_002,Clothing,18390,1179,201,21445,1,4
2025-04-04,Store_002,Electronics,9961,420,195,44886,0,9
2025-04-04,Store_002,Accessories,19917,545,791,26576,0,5
2025-04-04,Store_002,Footwear,13243,932,344,11820,0,6
2025-04-04,Store_003,Clothing,23952,251,408,44635,1,11
2025-04-04,Store_003,Electronics,16461,553,164,48871,0,12
2025-04-04,Store_003,Accessories,20424,1564,318,14631,0,8
2025-04-04,Store_003,Footwear,8768,266,318,35186,0,14
2025-04-05,Store_001,Clothing,16475,1096,217,16568,0,11
2025-04-05,Store_001,Electronics,18854,636,750,37025,0,8
2025-04-05,Store_001,Accessories,6317,204,86,11230,1,9
2025-04-05,Store_001,Footwear,20927,624,222,24904,1,13
2025-04-05,Store_002,Clothing,23300,302,353,45525,1,6
2025-04-05,Store_002,Electronics,14088,384,501,18683,1,12
2025-04-05,Store_002,Accessories,7895,142,82,48591,0,12
2025-04-05,Store_002,Footwear,16962,1224,314,14011,1,6
2025-04-05,Store_003,Clothing,11957,916,332,31709,1,8
2025-04-05,Store_003,Electronics,5001,108,125,34700,1,2
2025-04-05,Store_003,Accessories,6861,383,92,18320,0,7
2025-04-05,Store_003,Footwear,8129,131,126,27285,0,14
2025-04-06,Store_001,Clothing,10529,259,411,46686,0,13
2025-04-06,Store_001,Electronics,12118,714,465,35142,0,12
2025-04-06,Store_001,Accessories,12996,588,328,24201,0,2
2025-04-06,Store_001,Footwear,13997,513,403,13225,0,4
2025-04-06,Store_002,Clothing,7460,150,259,33110,1,4
2025-04-06,Store_002,Electronics,15833,1182,460,30028,1,5
2025-04-06,Store_002,Accessories,8174,436,250,45929,1,3
2025-04-06,Store_002,Footwear,18204,668,289,33760,1,2
2025-04-06,Store_003,Clothing,18502,1036,518,24130,1,13
2025-04-06,Store_003,Electronics,23984,1123,752,22861,1,12
2025-04-06,Store_003,Accessories,8565,368,218,31118,1,5
2025-04-06,Store_003,Footwear,20630,494,401,26149,0,11
2025-04-07,Store_001,Clothing,7121,432,153,30906,0,6
2025-04-07,Store_001,Electronics,21727,441,275,25479,1,2
2025-04-07,Store_001,Accessories,9920,103,135,27272,1,13
2025-04-07,Store_001,Footwear,8720,296,236,39968,0,6
2025-04-07,Store_002,Clothing,24385,1509,890,12708,1,3
2025-04-07,Store_002,Electronics,5151,80,77,45089,1,11
2025-04-07,Store_002,Accessories,7148,371,262,11552,1,10
2025-04-07,Store_002,Footwear,5156,173,165,33889,0,12
2025-04-07,Store_003,Clothing,13055,659,253,42363,0,10
2025-04-07,Store_003,Electronics,5154,219,166,27380,1,8
2025-04-07,Store_003,Accessories,19259,849,553,10153,0,13
2025-04-07,Store_003,Footwear,10599,468,286,21049,0,4
2025-04-08,Store_001,Clothing,19923,1331,458,37454,0,4
2025-04-08,Store_001,Electronics,24810,1960,695,49779,1,6
2025-04-08,Store_001,Accessories,14261,882,461,39079,0,14
2025-04-08,Store_001,Footwear,14344,194,433,33817,0,7
2025-04-08,Store_002,Clothing,15681,797,448,14582,1,13
2025-04-08,Store_002,Electronics,9243,213,257,29097,1,11
2025-04-08,Store_002,Accessories,12328,769,481,27107,1,4
2025-04-08,Store_002,Footwear,17185,1323,634,21549,0,2
2025-04-08,Store_003,Clothing,13747,652,418,30045,0,9
2025-04-08,Store_003,Electronics,12067,482,474,27985,1,11
2025-04-08,Store_003,Accessories,24660,1391,792,25613,1,13
2025-04-08,Store_003,Footwear,6299,384,201,14994,0,8
2025-04-09,Store_001,Clothing,12489,872,252,18269,0,4
2025-04-09,Store_001,Electronics,22916,1056,311,11996,1,5
2025-04-09,Store_001,Accessories,5523,380,120,40429,0,6
2025-04-09,Store_001,Footwear,10190,498,367,44565,1,5
2025-04-09,Store_002,Clothing,22199,775,332,49434,0,4
2025-04-09,Store_002,Electronics,5534,360,87,46110,1,4
2025-04-09,Store_002,Accessories,18465,238,494,11172,0,10
2025-04-09,Store_002,Footwear,13007,975,249,29324,1,4
2025-04-09,Store_003,Clothing,16017,1203,284,10363,0,8
2025-04-09,Store_003,Electronics,8240,556,278,11936,1,2
2025-04-09,Store_003,Accessories,16998,803,476,49691,0,8
2025-04-09,Store_003,Footwear,18708,1113,691,15204,1,7
2025-04-10,Store_001,Clothing,7244,135,229,13083,1,2
2025-04-10,Store_001,Electronics,5773,135,142,37518,1,13
2025-04-10,Store_001,Accessories,7567,223,240,20875,1,6
2025-04-10,Store_001,Footwear,14327,329,330,33004,1,11
2025-04-10,Store_002,Clothing,18749,1171,264,19045,0,6
2025-04-10,Store_002,Electronics,13669,1029,342,40935,1,8
2025-04-10,Store_002,Accessories,18440,1119,661,31797,0,7
2025-04-10,Store_002,Footwear,17373,582,199,25734,1,11
2025-04-10,Store_003,Clothing,13433,193,405,48450,0,11
2025-04-10,Store_003,Electronics,13084,605,223,30308,1,10
2025-04-10,Store_003,Accessories,7007,303,92,34503,1,13
2025-04-10,Store_003,Footwear,11495,795,245,27400,0,5
2025-04-11,Store_001,Clothing,19057,960,211,47706,1,8
2025-04-11,Store_001,Electronics,13371,531,309,39148,0,8
2025-04-11,Store_001,Accessories,17817,303,418,33777,0,5
2025-04-11,Store_001,Footwear,9497,315,347,16727,1,14
2025-04-11,Store_002,Clothing,21692,367,553,25577,1,5
2025-04-11,Store_002,Electronics,9620,568,278,26195,0,11
2025-04-11,Store_002,Accessories,14145,891,182,32223,1,2
2025-04-11,Store_002,Footwear,5545,77,207,44695,1,3
2025-04-11,Store_003,Clothing,21388,460,417,37829,1,14
2025-04-11,Store_003,Electronics,7663,376,284,19465,0,13
2025-04-11,Store_003,Accessories,22515,1743,632,20828,1,6
2025-04-11,Store_003,Footwear,18569,199,659,16022,0,11
2025-04-12,Store_001,Clothing,18515,348,410,31691,0,10
2025-04-12,Store_001,Electronics,8044,383,230,21593,0,5
2025-04-12,Store_001,Accessories,10812,347,262,10654,0,11
2025-04-12,Store_001,Footwear,6798,429,129,39087,1,4
2025-04-12,Store_002,Clothing,8823,183,147,37200,1,5
2025-04-12,Store_002,Electronics,16196,207,233,32356,0,14
2025-04-12,Store_002,Accessories,14702,362,581,45450,0,14
2025-04-12,Store_002,Footwear,9711,481,99,23161,0,10
2025-04-12,Store_003,Clothing,6007,75,224,20763,0,6
2025-04-12,Store_003,Electronics,16957,906,666,26482,1,6
2025-04-12,Store_003,Accessories,20585,1288,623,29049,0,14
2025-04-12,Store_003,Footwear,7637,129,152,45651,0,6
2025-04-13,Store_001,Clothing,16831,907,271,29556,0,4
2025-04-13,Store_001,Electronics,11520,305,253,28830,0,6
2025-04-13,Store_001,Accessories,9277,276,366,15515,0,7
2025-04-13,Store_001,Footwear,8985,119,199,39475,1,10
2025-04-13,Store_002,Clothing,8681,574,313,37586,1,10
2025-04-13,Store_002,Electronics,9753,603,192,15629,1,10
2025-04-13,Store_002,Accessories,6997,262,225,47292,1,3
2025-04-13,Store_002,Footwear,8407,118,203,21332,1,3
2025-04-13,Store_003,Clothing,7911,275,92,28799,0,12
2025-04-13,Store_003,Electronics,13098,660,443,15565,1,7
2025-04-13,Store_003,Accessories,13624,405,241,10835,0,8
2025-04-13,Store_003,Footwear,16824,982,325,12429,1,9
2025-04-14,Store_001,Clothing,10930,493,344,21991,1,2
2025-04-14,Store_001,Electronics,8151,387,193,15580,1,12
2025-04-14,Store_001,Accessories,18247,559,564,13491,1,4
2025-04-14,Store_001,Footwear,11997,845,159,48523,0,2
2025-04-14,Store_002,Clothing,23231,1414,808,33595,1,11
2025-04-14,Store_002,Electronics,17212,247,414,49828,0,2
2025-04-14,Store_002,Accessories,9428,523,178,25761,1,5
2025-04-14,Store_002,Footwear,20155,1574,207,33851,1,8
2025-04-14,Store_003,Clothing,21963,797,224,24017,1,6
2025-04-14,Store_003,Electronics,24423,1073,574,38902,0,6
2025-04-14,Store_003,Accessories,18833,1123,483,44235,0,4
2025-04-14,Store_003,Footwear,22264,661,275,34660,1,6
2025-04-15,Store_001,Clothing,6168,396,173,25032,1,5
2025-04-15,Store_001,Electronics,15386,997,566,24157,0,9
2025-04-15,Store_001,Accessories,11364,743,199,46643,0,11
2025-04-15,Store_001,Footwear,21645,1593,532,23382,1,11
2025-04-15,Store_002,Clothing,9175,709,216,19174,1,5
2025-04-15,Store_002,Electronics,5693,411,155,41351,0,6
2025-04-15,Store_002,Accessories,19021,1457,760,38690,1,2
2025-04-15,Store_002,Footwear,22794,1537,333,39416,0,9
2025-04-15,Store_003,Clothing,17926,628,349,24390,1,5
2025-04-15,Store_003,Electronics,18509,618,690,41692,1,2
2025-04-15,Store_003,Accessories,22232,1195,675,20514,0,4
2025-04-15,Store_003,Footwear,13894,732,467,26698,0,5
2025-04-16,Store_001,Clothing,9378,262,304,43342,1,5
2025-04-16,Store_001,Electronics,13949,665,180,15670,0,5
2025-04-16,Store_001,Accessories,24843,1948,878,17837,1,13
2025-04-16,Store_001,Footwear,23376,678,595,46877,0,6
2025-04-16,Store_002,Clothing,22106,1167,763,18720,0,9
2025-04-16,Store_002,Electronics,13400,974,328,37912,0,13
2025-04-16,Store_002,Accessories,7044,323,117,46160,0,6
2025-04-16,Store_002,Footwear,11784,312,183,32906,1,12
2025-04-16,Store_003,Clothing,17390,796,542,39841,1,12
2025-04-16,Store_003,Electronics,21378,422,770,43756,0,3
2025-04-16,Store_003,Accessories,6502,391,83,26198,1,5
2025-04-16,Store_003,Footwear,19266,724,751,41213,1,9
2025-04-17,Store_001,Clothing,7594,368,233,48285,1,13
2025-04-17,Store_001,Electronics,11310,878,222,24744,1,13
2025-04-17,Store_001,Accessories,11378,251,154,21422,1,8
2025-04-17,Store_001,Footwear,18180,247,257,46931,1,9
2025-04-17,Store_002,Clothing,10470,464,165,49044,0,13
2025-04-17,Store_002,Electronics,11523,901,295,41169,1,11
2025-04-17,Store_002,Accessories,18419,1452,560,48083,0,8
2025-04-17,Store_002,Footwear,22886,1590,569,12042,1,8
2025-04-17,Store_003,Clothing,5709,253,104,38716,0,11
2025-04-17,Store_003,Electronics,13609,937,480,27485,1,7
2025-04-17,Store_003,Accessories,13177,417,399,33042,1,7
2025-04-17,Store_003,Footwear,16826,253,611,19484,1,9
2025-04-18,Store_001,Clothing,24593,744,806,47939,0,7
2025-04-18,Store_001,Electronics,18004,642,707,20775,1,7
2025-04-18,Store_001,Accessories,5954,233,71,33544,0,6
2025-04-18,Store_001,Footwear,13501,473,310,13127,0,13
2025-04-18,Store_002,Clothing,19796,1387,411,10845,1,14
2025-04-18,Store_002,Electronics,10904,248,338,43122,1,2
2025-04-18,Store_002,Accessories,8832,569,272,23107,1,13
2025-04-18,Store_002,Footwear,15713,645,367,18418,0,13
2025-04-18,Store_003,Clothing,19419,1352,255,43804,0,10
2025-04-18,Store_003,Electronics,12435,586,272,15065,1,2
2025-04-18,Store_003,Accessories,8407,419,149,15666,1,4
2025-04-18,Store_003,Footwear,15109,1091,474,36505,1,11
2025-04-19,Store_001,Clothing,12746,173,240,25596,0,8
2025-04-19,Store_001,Electronics,6093,138,142,12785,0,3
2025-04-19,Store_001,Accessories,11539,223,330,13990,1,12
2025-04-19,Store_001,Footwear,22573,1502,302,24549,1,5
2025-04-19,Store_002,Clothing,14979,190,493,36183,0,6
2025-04-19,Store_002,Electronics,10408,438,114,33790,1,6
2025-04-19,Store_002,Accessories,10285,164,193,24116,1,4
2025-04-19,Store_002,Footwear,15889,453,537,25994,0,13
2025-04-19,Store_003,Clothing,11368,195,412,42930,0,3
2025-04-19,Store_003,Electronics,23316,995,687,40522,1,6
2025-04-19,Store_003,Accessories,19516,371,571,29091,1,9
2025-04-19,Store_003,Footwear,8933,159,158,43690,0,11
2025-04-20,Store_001,Clothing,18737,1367,404,29642,0,7
2025-04-20,Store_001,Electronics,11881,925,299,42991,0,11
2025-04-20,Store_001,Accessories,23312,1754,352,38853,0,14
2025-04-20,Store_001,Footwear,20229,575,767,16207,0,14
2025-04-20,Store_002,Clothing,11240,897,187,48090,1,12
2025-04-20,Store_002,Electronics,22509,1762,818,14042,0,3
2025-04-20,Store_002,Accessories,7658,365,249,45712,0,10
2025-04-20,Store_002,Footwear,13787,176,479,27458,1,3
2025-04-20,Store_003,Clothing,8007,542,191,45592,0,3
2025-04-20,Store_003,Electronics,5229,392,101,24345,1,3
2025-04-20,Store_003,Accessories,21885,1645,818,29950,0,7
2025-04-20,Store_003,Footwear,21770,945,650,15820,0,6
2025-04-21,Store_001,Clothing,7302,210,95,25620,0,12
2025-04-21,Store_001,Electronics,8727,452,204,35523,0,14
2025-04-21,Store_001,Accessories,21532,1525,373,13749,1,11
2025-04-21,Store_001,Footwear,16437,1243,384,14551,0,9
2025-04-21,Store_002,Clothing,20167,673,583,18391,1,4
2025-04-21,Store_002,Electronics,14663,886,413,12311,1,11
2025-04-21,Store_002,Accessories,18560,870,509,48553,0,11
2025-04-21,Store_002,Footwear,17067,395,179,13815,1,14
2025-04-21,Store_003,Clothing,9507,167,188,22446,1,6
2025-04-21,Store_003,Electronics,8320,430,193,36572,1,11
2025-04-21,Store_003,Accessories,23224,1249,748,37867,0,9
2025-04-21,Store_003,Footwear,11697,285,161,22963,0,10
2025-04-22,Store_001,Clothing,24265,1391,943,24196,1,12
2025-04-22,Store_001,Electronics,16689,381,468,23436,1,4
2025-04-22,Store_001,Accessories,5564,360,190,23393,0,8
2025-04-22,Store_001,Footwear,17949,1118,333,41846,1,9
2025-04-22,Store_002,Clothing,17224,551,189,48784,1,6
2025-04-22,Store_002,Electronics,24933,615,380,17938,1,8
2025-04-22,Store_002,Accessories,10077,538,105,45660,1,2
2025-04-22,Store_002,Footwear,10577,667,395,49451,1,5
2025-04-22,Store_003,Clothing,7063,443,260,40962,1,7
2025-04-22,Store_003,Electronics,6294,364,121,37328,0,11
2025-04-22,Store_003,Accessories,22706,1702,426,28825,0,12
2025-04-22,Store_003,Footwear,14318,1051,251,25574,0,8
2025-04-23,Store_001,Clothing,7096,515,264,32372,1,3
2025-04-23,Store_001,Electronics,15694,402,602,20737,0,6
2025-04-23,Store_001,Accessories,10147,471,123,29643,1,9
2025-04-23,Store_001,Footwear,12965,214,170,44808,1,8
2025-04-23,Store_002,Clothing,6849,314,161,30786,0,7
2025-04-23,Store_002,Electronics,6132,145,231,48563,0,5
2025-04-23,Store_002,Accessories,12633,439,213,47777,1,7
2025-04-23,Store_002,Footwear,18923,1093,247,11582,0,8
2025-04-23,Store_003,Clothing,13793,577,482,39883,0,4
2025-04-23,Store_003,Electronics,11093,376,339,32259,1,12
2025-04-23,Store_003,Accessories,16110,309,294,25282,1,5
2025-04-23,Store_003,Footwear,16560,1070,478,34207,0,5
2025-04-24,Store_001,Clothing,10131,321,237,18697,1,11
2025-04-24,Store_001,Electronics,18100,484,656,14067,0,5
2025-04-24,Store_001,Accessories,14244,773,252,12509,0,10
2025-04-24,Store_001,Footwear,22065,264,635,13932,1,5
2025-04-24,Store_002,Clothing,10560,176,312,10719,1,12
2025-04-24,Store_002,Electronics,18161,318,677,36028,0,11
2025-04-24,Store_002,Accessories,9207,736,165,33525,1,14
2025-04-24,Store_002,Footwear,16725,962,553,47383,0,13
2025-04-24,Store_003,Clothing,15116,294,588,35502,1,14
2025-04-24,Store_003,Electronics,14247,874,258,31058,1,3
2025-04-24,Store_003,Accessories,24128,681,951,16041,0,3
2025-04-24,Store_003,Footwear,6560,391,92,25078,1,13
2025-04-25,Store_001,Clothing,21854,649,255,11468,0,7
2025-04-25,Store_001,Electronics,11719,713,202,38718,1,3
2025-04-25,Store_001,Accessories,13012,897,198,10767,0,9
2025-04-25,Store_001,Footwear,15200,953,210,24621,0,8
2025-04-25,Store_002,Clothing,5885,279,142,47260,1,4
2025-04-25,Store_002,Electronics,11269,790,313,27194,0,13
2025-04-25,Store_002,Accessories,15955,618,595,20762,1,8
2025-04-25,Store_002,Footwear,24089,484,252,43383,0,5
2025-04-25,Store_003,Clothing,12866,533,252,26874,0,14
2025-04-25,Store_003,Electronics,14479,1038,228,45694,0,10
2025-04-25,Store_003,Accessories,20847,1468,685,31252,1,12
2025-04-25,Store_003,Footwear,9423,549,222,44841,1,12
2025-04-26,Store_001,Clothing,15111,362,476,22454,0,13
2025-04-26,Store_001,Electronics,17516,1072,376,18558,1,8
2025-04-26,Store_001,Accessories,9619,333,335,49643,1,6
2025-04-26,Store_001,Footwear,10401,539,113,45790,0,14
2025-04-26,Store_002,Clothing,10738,444,173,11770,0,3
2025-04-26,Store_002,Electronics,13989,1032,341,49462,0,2
2025-04-26,Store_002,Accessories,22136,1098,753,44160,1,7
2025-04-26,Store_002,Footwear,22061,221,696,31137,0,12
2025-04-26,Store_003,Clothing,18275,428,319,44550,0,14
2025-04-26,Store_003,Electronics,19485,826,564,30390,1,13
2025-04-26,Store_003,Accessories,14493,1056,549,39799,0,3
2025-04-26,Store_003,Footwear,18012,743,299,11524,1,8
2025-04-27,Store_001,Clothing,5078,217,193,49832,0,14
2025-04-27,Store_001,Electronics,6209,244,245,28562,1,11
2025-04-27,Store_001,Accessories,16077,564,213,45312,0,4
2025-04-27,Store_001,Footwear,9710,305,378,48347,0,6
2025-04-27,Store_002,Clothing,5120,308,51,30608,0,12
2025-04-27,Store_002,Electronics,23460,1700,251,21560,1,3
2025-04-27,Store_002,Accessories,20383,759,622,43123,1,12
2025-04-27,Store_002,Footwear,5028,134,81,27397,0,13
2025-04-27,Store_003,Clothing,7024,79,141,23503,0,4
2025-04-27,Store_003,Electronics,22622,1806,325,11906,1,9
2025-04-27,Store_003,Accessories,17031,905,493,44228,0,4
2025-04-27,Store_003,Footwear,22800,1223,307,39844,0,10
2025-04-28,Store_001,Clothing,9378,715,229,13071,0,13
2025-04-28,Store_001,Electronics,16692,952,337,22666,1,9
2025-04-28,Store_001,Accessories,18186,1232,291,32219,1,3
2025-04-28,Store_001,Footwear,24157,1878,374,27492,0,12
2025-04-28,Store_002,Clothing,10057,479,295,18864,1,8
2025-04-28,Store_002,Electronics,10796,850,154,18123,0,12
2025-04-28,Store_002,Accessories,9071,450,271,12786,1,3
2025-04-28,Store_002,Footwear,16796,569,623,45507,0,14
2025-04-28,Store_003,Clothing,9133,517,301,19752,0,3
2025-04-28,Store_003,Electronics,14241,626,371,31826,1,2
2025-04-28,Store_003,Accessories,9868,701,123,22171,0,10
2025-04-28,Store_003,Footwear,14506,671,417,40980,0,3
2025-04-29,Store_001,Clothing,14420,175,413,23237,1,4
2025-04-29,Store_001,Electronics,15707,708,512,13543,1,9
2025-04-29,Store_001,Accessories,11343,527,390,10211,0,13
2025-04-29,Store_001,Footwear,12027,472,467,18169,1,8
2025-04-29,Store_002,Clothing,19591,320,271,10727,1,13
2025-04-29,Store_002,Electronics,18809,209,730,20929,1,14
2025-04-29,Store_002,Accessories,22393,1316,382,38656,0,6
2025-04-29,Store_002,Footwear,24785,1763,892,15424,1,3
2025-04-29,Store_003,Clothing,8161,107,120,35103,0,4
2025-04-29,Store_003,Electronics,16926,1180,209,39774,1,2
2025-04-29,Store_003,Accessories,20638,948,538,42720,0,11
2025-04-29,Store_003,Footwear,16027,815,324,17860,0,8
2025-04-30,Store_001,Clothing,7513,332,166,17910,1,9
2025-04-30,Store_001,Electronics,14120,1064,529,20165,0,2
2025-04-30,Store_001,Accessories,14186,742,379,37169,0,5
2025-04-30,Store_001,Footwear,10972,191,165,15519,1,11
2025-04-30,Store_002,Clothing,9317,293,183,22879,1,8
2025-04-30,Store_002,Electronics,18305,555,428,39195,0,4
2025-04-30,Store_002,Accessories,16953,559,263,33535,1,2
2025-04-30,Store_002,Footwear,20493,861,252,42408,1,3
2025-04-30,Store_003,Clothing,9532,109,317,22546,0,5
2025-04-30,Store_003,Electronics,18280,1107,589,43989,0,14
2025-04-30,Store_003,Accessories,15702,665,568,19336,0,11
2025-04-30,Store_003,Footwear,22150,1342,305,33866,1,14
